"rank","school_id","school_name","city","state","mascot","address","logo_url","W","L","win_pct","opp_win_pct","opp_opp_win_pct","rpi"
1,"7YNP6M","Victory Christian School","Pell City","AL","Lions","PO Box 710","https://cdn2buckets-live-s3dfaaws-1mlao80q0xoqe.s3.amazonaws.com/63110432-ad40-4430-eeec-693d0eac5747?AWSAccessKeyId=AKIAIUQNYZUJLIOKKJ3A&Expires=1799729208&Signature=JNP58HCzAjoEeyBvITE1DH8Tjic%3D",10,0,1,0.545454545454545,0.508169934640523,0.717951574569222
2,"ZL2MJ6","Francis Marion School","Marion","AL","Rams","101 Hubbard Drive","https://cdn2buckets-live-s3dfaaws-1mlao80q0xoqe.s3.amazonaws.com/a8f92e05-0270-4c1c-962c-b551911bc880?AWSAccessKeyId=AKIAIUQNYZUJLIOKKJ3A&Expires=1799729205&Signature=RwadG%2BgB7TGb5cWOFouFBeegwak%3D",12,0,1,0.537037037037037,0.508305647840532,0.715039374923096
3,"Q4SDT3","Northridge High School","Tuscaloosa","AL","Jaguars","2901 Northridge Road","https://cdn2buckets-live-s3dfaaws-1mlao80q0xoqe.s3.amazonaws.com/713b61bc-db77-4733-92ea-aad305f7527c?AWSAccessKeyId=AKIAIUQNYZUJLIOKKJ3A&Expires=1799729205&Signature=FTnQAytXjhVbeIpjfBJk%2B5L1GbQ%3D",15,0,1,0.528957528957529,0.501081470800288,0.710405502835207
4,"2JW45T","Scottsboro High School","Scottsboro","AL","Wildcat","25053 John T. Reid Parkway","https://cdn2buckets-live-s3dfaaws-1mlao80q0xoqe.s3.amazonaws.com/5f4e370e-28ce-4dcc-9c0d-2d5a0707b7ec?AWSAccessKeyId=AKIAIUQNYZUJLIOKKJ3A&Expires=1799729206&Signature=16jaJ3pXfBEq%2Fn22m5mHBaqEiAQ%3D",11,0,1,0.525581395348837,0.499604743083004,0.708854674142844
5,"J942V5","Murphy High School","Mobile","AL","Panther","100 S Carlen Street","https://cdn2buckets-live-s3dfaaws-1mlao80q0xoqe.s3.amazonaws.com/b05143f5-34dc-4281-8560-ef601af3b1f9?AWSAccessKeyId=AKIAIUQNYZUJLIOKKJ3A&Expires=1799729205&Signature=rzwC8pL6M9oJ4GfS7lFT%2B4pxhbQ%3D",10,0,1,0.52,0.506472491909385,0.708618122977346
6,"EFDQS7","Charles Henderson High School","Troy","AL","Trojans","150 S. George Wallace Drive","https://cdn2buckets-live-s3dfaaws-1mlao80q0xoqe.s3.amazonaws.com/4afe4e5a-2471-4d3d-ddbe-eb3b0989f706?AWSAccessKeyId=AKIAIUQNYZUJLIOKKJ3A&Expires=1799729202&Signature=2dW%2F%2FgrPjQO9bwe%2Fo2ofVT8q4fc%3D",12,0,1,0.520661157024793,0.5,0.707231404958678
7,"UQ86FJ","Hoover High School","Hoover","AL","Bucs","1000 Buccaneer Drive","https://cdn2buckets-live-s3dfaaws-1mlao80q0xoqe.s3.amazonaws.com/123cf38e-e6be-4910-8ae8-fdea7dcdf1d1?AWSAccessKeyId=AKIAIUQNYZUJLIOKKJ3A&Expires=1799729205&Signature=9Qu9tRf%2F76eS8DjXEhGceXyLdpM%3D",16,1,0.941176470588235,0.538461538461538,0.503825136612022,0.690888410849838
8,"MFYEX9","Alma Bryant High School","Irvington","AL",NA,"14001 Hurricane Blvd","https://cdn2buckets-live-s3dfaaws-1mlao80q0xoqe.s3.amazonaws.com/ebe4af62-1b6c-46ef-b6ca-c6a579931a01?AWSAccessKeyId=AKIAIUQNYZUJLIOKKJ3A&Expires=1799729202&Signature=sqr0ykEq%2BPpip%2FhadprIN2jRS0E%3D",15,1,0.9375,0.533980582524272,0.506818181818182,0.688597749338041
9,"F8P4XV","West Point High School","Cullman","AL","Warriors","4314 County Road 1141","https://cdn2buckets-live-s3dfaaws-1mlao80q0xoqe.s3.amazonaws.com/113ff9f1-5b08-404b-9957-da962ce9707e?AWSAccessKeyId=AKIAIUQNYZUJLIOKKJ3A&Expires=1799729208&Signature=RI%2F%2FAKZdtTSt%2BAsF9CUilw2nPK0%3D",17,1,0.944444444444444,0.520512820512821,0.501675977653631,0.685376259370673
10,"Y23G6Z","Geneva High School","Geneva","AL","Panthers","505 Panther Drive","https://cdn2buckets-live-s3dfaaws-1mlao80q0xoqe.s3.amazonaws.com/2d55f77a-2dfc-45c3-bea2-3d2ee66bf46d?AWSAccessKeyId=AKIAIUQNYZUJLIOKKJ3A&Expires=1799729205&Signature=nTIjQmMTlVr0lQNekwa2zsvwl1o%3D",15,1,0.9375,0.519607843137255,0.507518796992481,0.683742444346159
11,"9N69L7","Cherokee County High School","Centre","AL","Warriors","910 Warrior Drive","https://cdn2buckets-live-s3dfaaws-1mlao80q0xoqe.s3.amazonaws.com/2a51208d-4e00-488e-eec6-5de7a96ab173?AWSAccessKeyId=AKIAIUQNYZUJLIOKKJ3A&Expires=1799729202&Signature=7bU4Y3n1wAiFUnY0isqMybn%2BpTk%3D",13,1,0.928571428571429,0.527272727272727,0.504317789291883,0.682053473296997
12,"SWA5TB","Clay-Chalkville High School	","Pinson","AL","Cougars","6623 Roe Chandler Rd","https://cdn2buckets-live-s3dfaaws-1mlao80q0xoqe.s3.amazonaws.com/c956fb9c-a4e1-4c36-d0c8-2e5c4675ba22?AWSAccessKeyId=AKIAIUQNYZUJLIOKKJ3A&Expires=1799729202&Signature=dCQMTZfTAmIUbMpSfHTMba1sDIU%3D",15,1,0.9375,0.515923566878981,0.502688172043011,0.681245291418396
13,"J2GDLB","Albertville High School","Albertville","AL","Aggies","402 East McCord Avenue","https://cdn2buckets-live-s3dfaaws-1mlao80q0xoqe.s3.amazonaws.com/f8885bbc-5cd3-458b-b582-e66f075e9faa?AWSAccessKeyId=AKIAIUQNYZUJLIOKKJ3A&Expires=1799729202&Signature=4nvlMM66xVJWEOqhapOtvwjULN0%3D",13,1,0.928571428571429,0.514044943820225,0.500578034682081,0.67648881043617
14,"5CFBBE","Park Crossing High School","Montgomery","AL","Thunderbirds","8000 Park Crossing Dr","https://cdn2buckets-live-s3dfaaws-1mlao80q0xoqe.s3.amazonaws.com/337e4b1a-9e98-4f22-d47d-4138acba1a9f?AWSAccessKeyId=AKIAIUQNYZUJLIOKKJ3A&Expires=1799729205&Signature=KkBrGqNZPhsMT0t1gS3mYh%2ByD%2B4%3D",11,0,0.916666666666667,0.526041666666667,0.500927643784787,0.676013160946197
15,"8JHSTB","Lincoln High School","Lincoln","AL","Golden Bears","78989 AL-77","https://cdn2buckets-live-s3dfaaws-1mlao80q0xoqe.s3.amazonaws.com/b99d04a4-121e-421a-d0e4-d103e457682c?AWSAccessKeyId=AKIAIUQNYZUJLIOKKJ3A&Expires=1799729205&Signature=LZrVc1Nh4%2FpCNqkxiWzjtT%2F1xkE%3D",10,1,0.909090909090909,0.529801324503311,0.503121098626717,0.674847101869202
16,"TXUSMQ","R.C. Hatch High School","Uniontown","AL",NA,"470 West Ave","https://cdn2buckets-live-s3dfaaws-1mlao80q0xoqe.s3.amazonaws.com/41c1397c-a74a-43b6-b851-145bd55b1763?AWSAccessKeyId=AKIAIUQNYZUJLIOKKJ3A&Expires=1799729206&Signature=lxeeB2tTk6OPsjbW6aL3ulTFlf8%3D",10,1,0.909090909090909,0.524064171122995,0.502965599051008,0.672800223292164
17,"NCQQWT","West Morgan High School","Trinity","AL","Rebels","363 South Greenway Drive","https://cdn2buckets-live-s3dfaaws-1mlao80q0xoqe.s3.amazonaws.com/266b93b0-19eb-44c9-c9a7-84fb279ff71d?AWSAccessKeyId=AKIAIUQNYZUJLIOKKJ3A&Expires=1799729208&Signature=%2BgAX5eqTTQ4l1qZk8VgDk3GDLZE%3D",10,1,0.909090909090909,0.516908212560386,0.501730103806228,0.669986763984056
18,"YRH5YN","Guntersville High School","Guntersville","AL","Wildcats","14227 Highway 431 S","https://cdn2buckets-live-s3dfaaws-1mlao80q0xoqe.s3.amazonaws.com/2646f912-e65f-4483-80d5-ddf5e93d4cff?AWSAccessKeyId=AKIAIUQNYZUJLIOKKJ3A&Expires=1799729205&Signature=FLsHr29gY%2B26LTj2VeAxEOkFWRA%3D",19,2,0.904761904761905,0.517426273458445,0.499750124937531,0.6679414888496
19,"XMUPAA","Fairhope High School","Fairhope","AL","Pirates","1 Pirate Dr.","https://cdn2buckets-live-s3dfaaws-1mlao80q0xoqe.s3.amazonaws.com/33ea4137-3c4b-4a99-95b7-e88e5ed5b2df?AWSAccessKeyId=AKIAIUQNYZUJLIOKKJ3A&Expires=1799729205&Signature=o17nsmuXMWkKfcC4hVRkoc7D0zY%3D",18,2,0.9,0.519230769230769,0.502460024600246,0.667345775380831
20,"ELSY6V","Hazel Green High School","Hazel Green","AL","Trojans","14380 Hwy 231-431 N.","https://cdn2buckets-live-s3dfaaws-1mlao80q0xoqe.s3.amazonaws.com/b84cbb42-6173-4f6a-d7c5-ac7a434dc2fd?AWSAccessKeyId=AKIAIUQNYZUJLIOKKJ3A&Expires=1799729205&Signature=XJ9S0sYaJENDDypNJ58x6KYQSvk%3D",17,2,0.894736842105263,0.520900321543408,0.502334889926618,0.665793571863953
21,"423H5V","Cullman High School","Cullman","AL","Bearcats","510 13th St NE","https://cdn2buckets-live-s3dfaaws-1mlao80q0xoqe.s3.amazonaws.com/0b3f8fcc-0438-4bf4-cde8-78adc65999eb?AWSAccessKeyId=AKIAIUQNYZUJLIOKKJ3A&Expires=1799729202&Signature=WF0MhZCV7FW2z1XiuSXRtlKSD68%3D",9,1,0.9,0.512295081967213,0.498337028824834,0.663887535894733
22,"6NSLNF","Plainview High School","Rainsville","AL","Bears","76 Chavies Road ","https://cdn2buckets-live-s3dfaaws-1mlao80q0xoqe.s3.amazonaws.com/b67e50b1-35ac-4e29-f01a-b9e73ce5e58e?AWSAccessKeyId=AKIAIUQNYZUJLIOKKJ3A&Expires=1799729205&Signature=6z9Fhd4yastQ%2BmyvF26frxou3C8%3D",17,2,0.894736842105263,0.509536784741144,0.50126968004063,0.661550031511663
23,"XFEZPT","Good Hope High School","Cullman","AL","Raider","210 Good Hope School Rd","https://cdn2buckets-live-s3dfaaws-1mlao80q0xoqe.s3.amazonaws.com/231b0404-1b82-4122-adec-58adc7945066?AWSAccessKeyId=AKIAIUQNYZUJLIOKKJ3A&Expires=1799729205&Signature=v9d8XTUQve0nPZ5dVpI7zfvEMyE%3D",15,2,0.882352941176471,0.52059925093633,0.500312695434647,0.660229088156965
24,"9ZFZLA","Saint James School","Montgomery","AL","Trojans","6010 Vaughn Road","https://cdn2buckets-live-s3dfaaws-1mlao80q0xoqe.s3.amazonaws.com/568bd349-d724-4e04-f742-da4185711c1b?AWSAccessKeyId=AKIAIUQNYZUJLIOKKJ3A&Expires=1799729206&Signature=io0LOGbGE%2Ff2RyiYSu6CpbxLjUA%3D",15,2,0.882352941176471,0.516417910447761,0.500287521564117,0.658759325518334
25,"L4HN83","Whitesburg Christian Academy","Huntsville","AL","Warrior","7290 Whitesburg Dr.","https://cdn2buckets-live-s3dfaaws-1mlao80q0xoqe.s3.amazonaws.com/68cb0548-a1f9-4095-f70b-1324fcf03d07?AWSAccessKeyId=AKIAIUQNYZUJLIOKKJ3A&Expires=1799729208&Signature=RydryD6XiR1wdBCl0af2P1QiJ0Q%3D",11,2,0.846153846153846,0.51792828685259,0.502175805047868,0.645280390121912
26,"M74DXV","Deshler High School","Tuscumbia","AL","Tiger","598 North High Street","https://cdn2buckets-live-s3dfaaws-1mlao80q0xoqe.s3.amazonaws.com/44de40b5-9db6-4459-98ab-17e45148962e?AWSAccessKeyId=AKIAIUQNYZUJLIOKKJ3A&Expires=1799729203&Signature=H%2Fm4alex43m30mpnNPO83ne61ws%3D",11,2,0.846153846153846,0.516014234875445,0.500319488817891,0.644146392872417
27,"SJM6BA","Winterboro High School","Alpine","AL","Bulldogs","22435 Alabama Highway 21","https://cdn2buckets-live-s3dfaaws-1mlao80q0xoqe.s3.amazonaws.com/dc9ba984-a8eb-4324-a191-b1308353b3cc?AWSAccessKeyId=AKIAIUQNYZUJLIOKKJ3A&Expires=1799729208&Signature=FEuwJDOXOOarNsEK2x8fkuv3HTA%3D",11,2,0.846153846153846,0.511520737327189,0.501167315175097,0.642785625319829
28,"QG6Q6X","Straughn High School","Andalusia","AL","Tigers","29448 Straughn School Road","https://cdn2buckets-live-s3dfaaws-1mlao80q0xoqe.s3.amazonaws.com/4e26dadb-c4d5-41bc-97d9-306eab980648?AWSAccessKeyId=AKIAIUQNYZUJLIOKKJ3A&Expires=1799729208&Signature=rz8NzWAQkhxeC7bETlqZj5Z6%2BSU%3D",10,2,0.833333333333333,0.524691358024691,0.5,0.641975308641975
29,"3XSZV4","Decatur High School","Decatur","AL","Red Raiders","910 Somerville Road Southeast, Decatur, AL 35601","https://cdn2buckets-live-s3dfaaws-1mlao80q0xoqe.s3.amazonaws.com/ed792048-3eae-40ad-a383-fedf2d29542c?AWSAccessKeyId=AKIAIUQNYZUJLIOKKJ3A&Expires=1799729202&Signature=Ysut0xenUIeJoswyz2SWfX8mvIE%3D",16,3,0.842105263157895,0.513715710723192,0.500301023479831,0.641717859886233
30,"UTPVKU","East Limestone High School","Athens","AL","Indians","15641 East Limestone Road","https://cdn2buckets-live-s3dfaaws-1mlao80q0xoqe.s3.amazonaws.com/ed120340-0966-4917-c34c-a3a46a181ec6?AWSAccessKeyId=AKIAIUQNYZUJLIOKKJ3A&Expires=1799729204&Signature=u%2FLiPkDeIt5np7zrLdlf3kIc6P8%3D",10,2,0.833333333333333,0.517543859649123,0.499,0.639223684210526
31,"889VCG","McGill-Toolen Catholic High School","Mobile","AL","Yellow Jackets","1501 Old Shell Rd","https://cdn2buckets-live-s3dfaaws-1mlao80q0xoqe.s3.amazonaws.com/2e259943-e4c2-4b43-dd4c-6326de798d75?AWSAccessKeyId=AKIAIUQNYZUJLIOKKJ3A&Expires=1799729205&Signature=vCOHntebRsipm8IHjb2DmU9M3o4%3D",10,2,0.833333333333333,0.510135135135135,0.499095840867993,0.636654590847629
32,"FYHTQE","Thorsby High School","Thorsby","AL","Rebels","54 Opportunity Drive","https://cdn2buckets-live-s3dfaaws-1mlao80q0xoqe.s3.amazonaws.com/27bc4870-2d8f-4b4a-8d1b-8f92aceb96e5?AWSAccessKeyId=AKIAIUQNYZUJLIOKKJ3A&Expires=1799729208&Signature=BH1wS5GLJqu0%2Bd8TzSc0OG7vMzU%3D",9,2,0.818181818181818,0.521739130434783,0.50390015600624,0.635856461926461
33,"H3GBW9","Calera High School","Calera","AL","Eagle","100 Eagle Drive ","https://cdn2buckets-live-s3dfaaws-1mlao80q0xoqe.s3.amazonaws.com/e9b7c419-89f2-4a19-ddb5-00673bb1c436?AWSAccessKeyId=AKIAIUQNYZUJLIOKKJ3A&Expires=1799729202&Signature=3ohT0RLhEAJZmwaXjPRuHPvpcj8%3D",9,2,0.818181818181818,0.519553072625698,0.500400962309543,0.634216543269107
34,"8CDY4M","Stanhope Elmore High School","Millbrook","AL","Mustangs","4300 Main St","https://cdn2buckets-live-s3dfaaws-1mlao80q0xoqe.s3.amazonaws.com/8afd312b-9c0f-4588-d2c8-a2c88ae76e03?AWSAccessKeyId=AKIAIUQNYZUJLIOKKJ3A&Expires=1799729208&Signature=LClo9JBNx1sAaalir%2B4vG%2FOlmu0%3D",13,3,0.8125,0.518939393939394,0.5,0.631628787878788
35,"TJPRKH","Spain Park High School","Birmingham","AL","Jaguar","4700 Jaguar Drive","https://cdn2buckets-live-s3dfaaws-1mlao80q0xoqe.s3.amazonaws.com/87d53303-98eb-4562-fb75-1f44c6c866d0?AWSAccessKeyId=AKIAIUQNYZUJLIOKKJ3A&Expires=1799729208&Signature=7xlqYwFu3rgWUqJ4sqtS3JOdOFo%3D",13,3,0.8125,0.512345679012346,0.501180637544274,0.629616147040389
36,"DFZ6ZM","Highland Home High School","Highland Home","AL","Flying Squadron","18434 Montgomery Hwy","https://cdn2buckets-live-s3dfaaws-1mlao80q0xoqe.s3.amazonaws.com/38afe7aa-cfb9-4868-a7e7-34befe62364c?AWSAccessKeyId=AKIAIUQNYZUJLIOKKJ3A&Expires=1799729205&Signature=9WGHpY%2BkLs5UlNlrYdkBfdQ7DWw%3D",8,2,0.8,0.524590163934426,0.502994011976048,0.629355060371061
37,"LZJKPY","Westbrook Christian School","Rainbow City","AL","Warrior","100 westminster drive","https://cdn2buckets-live-s3dfaaws-1mlao80q0xoqe.s3.amazonaws.com/a616e7ea-da11-4a59-e326-92a50e9de60c?AWSAccessKeyId=AKIAIUQNYZUJLIOKKJ3A&Expires=1799729208&Signature=MLkdqDlLOmtFSL8x4ERAk%2BZhOJs%3D",12,3,0.8,0.513833992094862,0.504391468005019,0.625939764234456
38,"92YK4D","Etowah High School","Attalla","AL","Blue Devils","201 Case Ave SW","https://cdn2buckets-live-s3dfaaws-1mlao80q0xoqe.s3.amazonaws.com/86e02453-b382-4b79-c03c-c3ead51092a3?AWSAccessKeyId=AKIAIUQNYZUJLIOKKJ3A&Expires=1799729205&Signature=O%2BqFQbnn2mjteQ7G%2FBgflK9O7x8%3D",12,3,0.8,0.512280701754386,0.501939487975175,0.624783117607829
39,"6XXX7Z","Kinston High School","Kinston","AL","Bulldogs","201 College Street East","https://cdn2buckets-live-s3dfaaws-1mlao80q0xoqe.s3.amazonaws.com/59822cba-bc6e-40ef-905d-c056853c90c1?AWSAccessKeyId=AKIAIUQNYZUJLIOKKJ3A&Expires=1799729205&Signature=cHbQSnEdWyXqCVeS0FtftHwuEyI%3D",8,2,0.8,0.515151515151515,0.49748743718593,0.624674889599513
40,"VDAQMX","P.D. Jackson-Olin High School","Birmingham","AL","Mustangs","1300 Avenue F","https://cdn2buckets-live-s3dfaaws-1mlao80q0xoqe.s3.amazonaws.com/070708be-4072-4217-f280-63bc5c69c33e?AWSAccessKeyId=AKIAIUQNYZUJLIOKKJ3A&Expires=1799729205&Signature=2tC2BYeOzBEs6WuXPG19Hb3wMIA%3D",15,4,0.789473684210526,0.522821576763486,0.501432664756447,0.624135191740542
41,"3M7UAH","Susan Moore High School","Blountsville","AL","Bulldogs","4040 Susan Moore Rd","https://cdn2buckets-live-s3dfaaws-1mlao80q0xoqe.s3.amazonaws.com/7c7e85cc-5a28-48ce-afe8-1f1ad0178cab?AWSAccessKeyId=AKIAIUQNYZUJLIOKKJ3A&Expires=1799729208&Signature=pBC0qkY%2BHL508bu1xZjofPnWh1Y%3D",8,2,0.8,0.51063829787234,0.500998003992016,0.623972905253323
42,"SUFJ43","Brilliant High School","Brilliant","AL","Tigers","690 Main Street","https://cdn2buckets-live-s3dfaaws-1mlao80q0xoqe.s3.amazonaws.com/ffb62e31-2a7e-4c9e-82d8-73af09c2b4d9?AWSAccessKeyId=AKIAIUQNYZUJLIOKKJ3A&Expires=1799729202&Signature=kf2qvTV%2BeVoDaXVZzef4%2BgEamVM%3D",11,3,0.785714285714286,0.517045454545455,0.506349206349206,0.621838924963925
43,"U33X87","Hartselle High School","Hartselle","AL","Tigers","1000 Bethel Road NE","https://cdn2buckets-live-s3dfaaws-1mlao80q0xoqe.s3.amazonaws.com/a8e9be08-db34-4149-be30-964a32d5e9e9?AWSAccessKeyId=AKIAIUQNYZUJLIOKKJ3A&Expires=1799729205&Signature=6KKqHbPK%2FRd7HblIOdiIvYWOqYc%3D",11,3,0.785714285714286,0.511627906976744,0.5,0.618355481727575
44,"APW28H","St. Paul's Episcopal School","Mobile","AL","Saints","161 Dogwood lane","https://cdn2buckets-live-s3dfaaws-1mlao80q0xoqe.s3.amazonaws.com/81743ef7-86e2-44c1-c86e-57ddff684261?AWSAccessKeyId=AKIAIUQNYZUJLIOKKJ3A&Expires=1799729208&Signature=6NGmuGBmeCsJerqnySNsB0OtxCI%3D",10,3,0.769230769230769,0.516431924882629,0.503113325031133,0.614221812659011
45,"5Q4WNC","Minor High School","Adamsville","AL","Tigers","2285 Minor Parkway","https://cdn2buckets-live-s3dfaaws-1mlao80q0xoqe.s3.amazonaws.com/c821bd67-ee6f-4187-91b5-c23ed297f034?AWSAccessKeyId=AKIAIUQNYZUJLIOKKJ3A&Expires=1799729205&Signature=6yiA%2ByFYUXosaxgKgvcS1bAnDQY%3D",14,4,0.777777777777778,0.507211538461538,0.500609013398295,0.613787402922223
46,"NG6A4W","Wetumpka High School","Wetumpka","AL","Indians","1251 Coosa River Parkway","https://cdn2buckets-live-s3dfaaws-1mlao80q0xoqe.s3.amazonaws.com/8f5ab0e1-f3e2-44bb-aa07-f4bcebf84831?AWSAccessKeyId=AKIAIUQNYZUJLIOKKJ3A&Expires=1799729208&Signature=nQZbk0CpfztkwNhAw6g38CMB0gc%3D",10,3,0.769230769230769,0.512455516014235,0.497760716570697,0.611491917439964
47,"9HVX95","Central High School, Tuscaloosa","Tuscaloosa","AL","Falcons","905 15th Street","https://cdn2buckets-live-s3dfaaws-1mlao80q0xoqe.s3.amazonaws.com/2056c2ea-cc1e-47e2-b8ba-b08a944d9fed?AWSAccessKeyId=AKIAIUQNYZUJLIOKKJ3A&Expires=1799729202&Signature=1qL6XDukJilQ1PbhjVktTu7bG3Y%3D",10,3,0.769230769230769,0.509578544061303,0.499645138396026,0.61095608271277
48,"5DDXAE","Prattville High School","Prattville","AL","Lions","1315 Upper Kingston Road","https://cdn2buckets-live-s3dfaaws-1mlao80q0xoqe.s3.amazonaws.com/16d31b84-51c6-4afa-cbc4-c5442d53f16a?AWSAccessKeyId=AKIAIUQNYZUJLIOKKJ3A&Expires=1799729205&Signature=x6Xu3jjOkw4kPzH5OwitZD6Vs3c%3D",13,4,0.764705882352941,0.511326860841424,0.499030381383323,0.609604349581506
49,"X8A4UL","Bob Jones High School","Madison","AL","Patriots","650 Hughes Road","https://cdn2buckets-live-s3dfaaws-1mlao80q0xoqe.s3.amazonaws.com/a86acc9c-e1db-4d75-8bad-ce0815aad9fc?AWSAccessKeyId=AKIAIUQNYZUJLIOKKJ3A&Expires=1799729202&Signature=1HAUJHJSpPkY%2F7mDkERuj7ABNwM%3D",9,3,0.75,0.513888888888889,0.50091407678245,0.605089630306724
50,"J9W3H4","J.U. Blacksher High School","Uriah","AL","Bulldogs","15933 Highway 21 South","https://cdn2buckets-live-s3dfaaws-1mlao80q0xoqe.s3.amazonaws.com/e83edf33-72e5-4842-c8d4-981d44cf48d5?AWSAccessKeyId=AKIAIUQNYZUJLIOKKJ3A&Expires=1799729205&Signature=ZL7AaLR%2Bh8tZ2Gf29RyXyXGfy4I%3D",8,3,0.727272727272727,0.532467532467532,0.508196721311475,0.604321907600596
51,"M9PEJA","Amelia Love  Johnson High School","Thomaston","AL","Eagle","P. O Box 67","https://cdn2buckets-live-s3dfaaws-1mlao80q0xoqe.s3.amazonaws.com/73e85c72-51a8-4f8b-c708-90ce77e70d26?AWSAccessKeyId=AKIAIUQNYZUJLIOKKJ3A&Expires=1799729202&Signature=rF16NcFTM8f2eWXaOkMKypXaxVI%3D",8,3,0.727272727272727,0.533333333333333,0.50597609561753,0.60406978148014
52,"XXAFCA","Jasper High School","Jasper","AL","Vikings","1501 Viking Drive","https://cdn2buckets-live-s3dfaaws-1mlao80q0xoqe.s3.amazonaws.com/74f2bbf6-574c-499f-9129-d7c69fe85caf?AWSAccessKeyId=AKIAIUQNYZUJLIOKKJ3A&Expires=1799729205&Signature=v9FkaEQcF6XOrR0%2FdRvtrqMesk8%3D",9,3,0.75,0.507692307692308,0.5,0.602692307692308
53,"PVPEJS","Wilson High School","Florence","AL","Warriors","7601 HIGHWAY 17 NORTH","https://cdn2buckets-live-s3dfaaws-1mlao80q0xoqe.s3.amazonaws.com/3124c16c-cfb7-456c-d8a5-0f8a6755b35a?AWSAccessKeyId=AKIAIUQNYZUJLIOKKJ3A&Expires=1799729208&Signature=Xx7B70iIzsnCM0NUXUwkAQwjk%2FU%3D",12,4,0.75,0.506289308176101,0.50174520069808,0.602637558036155
54,"QGGRY7","Sardis High School","Sardis City","AL",NA,NA,"https://cdn2buckets-live-s3dfaaws-1mlao80q0xoqe.s3.amazonaws.com/d831122f-ab85-443e-c7c6-a324e0b83596?AWSAccessKeyId=AKIAIUQNYZUJLIOKKJ3A&Expires=1799729206&Signature=RJzUUlYARUzxoKXA1%2F8mI7n1IPQ%3D",11,4,0.733333333333333,0.513011152416357,0.500352360817477,0.597975326883427
55,"GQT9C7","St. Luke's Episcopal School","Mobile","AL","Wildcats","1400 S University Blvd","https://cdn2buckets-live-s3dfaaws-1mlao80q0xoqe.s3.amazonaws.com/a0bda94a-6dea-4e78-f78c-f85e45cee932?AWSAccessKeyId=AKIAIUQNYZUJLIOKKJ3A&Expires=1799729208&Signature=YCYO4AnKjvnPqLqbwvfR%2BGuBYio%3D",13,5,0.722222222222222,0.521276595744681,0.504559270516717,0.597475515028707
56,"MULQW8","Pleasant Grove High School","Pleasant Grove","AL","Spartans","100 Spartan Drive","https://cdn2buckets-live-s3dfaaws-1mlao80q0xoqe.s3.amazonaws.com/db01fdfa-754e-49a9-fa4a-ed748a6f582c?AWSAccessKeyId=AKIAIUQNYZUJLIOKKJ3A&Expires=1799729205&Signature=v7uBrd34jc5hKkDv0Yjqfx6%2Bd5Y%3D",11,4,0.733333333333333,0.507507507507508,0.498945888966971,0.595697433202704
57,"UE5RMZ","Fort Payne High School","Fort Payne","AL","Wildcats","201 45th Street NE","https://cdn2buckets-live-s3dfaaws-1mlao80q0xoqe.s3.amazonaws.com/71080902-d90f-4631-a5c3-b1760a768d30?AWSAccessKeyId=AKIAIUQNYZUJLIOKKJ3A&Expires=1799729205&Signature=n6Gfi4PUOuWyHNJtfVNfnqe8kwY%3D",8,3,0.727272727272727,0.508896797153025,0.498537156231714,0.593657258970578
58,"B8CHF9","Jackson High School","Jackson","AL","Aggies","321 Stanley Drive","https://cdn2buckets-live-s3dfaaws-1mlao80q0xoqe.s3.amazonaws.com/c534e72c-75ad-4537-aa98-81f563d60288?AWSAccessKeyId=AKIAIUQNYZUJLIOKKJ3A&Expires=1799729205&Signature=E13fiYzTfkfho1Sx%2FZ6KclS1oA8%3D",10,3,0.714285714285714,0.517241379310345,0.503480278422274,0.592618838078475
59,"QYXH5S","Waterloo School","Waterloo","AL","Cougar","311 School House Lane","https://cdn2buckets-live-s3dfaaws-1mlao80q0xoqe.s3.amazonaws.com/b0b91d95-e5af-4bfb-e41a-843660fd2d0a?AWSAccessKeyId=AKIAIUQNYZUJLIOKKJ3A&Expires=1799729208&Signature=rZpsGQemZlN%2BmUnz5cC0qvqMDp8%3D",10,4,0.714285714285714,0.516129032258065,0.501432664756447,0.59171761319372
60,"4KUEC4","Paul W. Bryant High School","Cottondale","AL","Stampede","6315 Mary Harrmon-Bryant Drive","https://cdn2buckets-live-s3dfaaws-1mlao80q0xoqe.s3.amazonaws.com/8cd28591-d227-4824-fd71-e6be49e31e04?AWSAccessKeyId=AKIAIUQNYZUJLIOKKJ3A&Expires=1799729205&Signature=%2FOMQftVM7G7kibBxm4wYTBxpMTk%3D",10,4,0.714285714285714,0.512396694214876,0.499207606973059,0.589855030432757
61,"U3PMQ3","Jacksonville High School","Jacksonville","AL","Golden Eagles","1000 George Douthit Dr SW","https://cdn2buckets-live-s3dfaaws-1mlao80q0xoqe.s3.amazonaws.com/58670a22-4f52-4892-d312-6b6a5c0d6109?AWSAccessKeyId=AKIAIUQNYZUJLIOKKJ3A&Expires=1799729205&Signature=0fehuwFll1XE2xsWXe4rNp6i%2FMU%3D",10,3,0.714285714285714,0.510489510489511,0.5,0.589385614385614
62,"QAQPMS","Clements High School ","Athens","AL","Colts","7730 US-72","https://cdn2buckets-live-s3dfaaws-1mlao80q0xoqe.s3.amazonaws.com/80692b9d-4a90-4473-a95e-c99220d629b8?AWSAccessKeyId=AKIAIUQNYZUJLIOKKJ3A&Expires=1799729202&Signature=%2FUDQeiA8x9nOpqhQm%2F6Tg8u6B8g%3D",10,4,0.714285714285714,0.507874015748031,0.502183406113537,0.589016042754481
63,"6VNQO4","Priceville High School","Decatur","AL","Bulldogs","2650 North Bethel Rd.","https://cdn2buckets-live-s3dfaaws-1mlao80q0xoqe.s3.amazonaws.com/2ee310ed-9ded-440e-fe87-ec357e82ca63?AWSAccessKeyId=AKIAIUQNYZUJLIOKKJ3A&Expires=1799729205&Signature=PcQ1ph%2BtOJKuEvlvI6VSv%2BDnFkQ%3D",10,4,0.714285714285714,0.509615384615385,0.498904709748083,0.588805847766691
64,"ZALS9T","Anniston High School","Anniston","AL","Bulldogs","1301 Woodstock Ave","https://cdn2buckets-live-s3dfaaws-1mlao80q0xoqe.s3.amazonaws.com/58bd62c3-eafe-41f1-9c49-f7b8ec7c5156?AWSAccessKeyId=AKIAIUQNYZUJLIOKKJ3A&Expires=1799729202&Signature=3RlkOu3o6t7JZWTISDYjOaXpaUQ%3D",10,4,0.714285714285714,0.507692307692308,0.498792270531401,0.588104661039444
65,"ZP7KJC","Springville High School","Springville","AL","Tigers","8295 US Hwy 11","https://cdn2buckets-live-s3dfaaws-1mlao80q0xoqe.s3.amazonaws.com/ac7453ae-d41d-4681-e1f8-14957a35e198?AWSAccessKeyId=AKIAIUQNYZUJLIOKKJ3A&Expires=1799729208&Signature=3QTkLlgYowC2ZjoQ3QecgRgRvsw%3D",10,4,0.714285714285714,0.506756756756757,0.5,0.588079150579151
66,"FQ6D7M","Carbon Hill High School","Carbon Hill","AL","Bulldog","217 Bulldog Boulevard","https://cdn2buckets-live-s3dfaaws-1mlao80q0xoqe.s3.amazonaws.com/e8f7395e-3864-4377-b9a0-ff00cf17c78e?AWSAccessKeyId=AKIAIUQNYZUJLIOKKJ3A&Expires=1799729202&Signature=HJWEz69P1jhcU7D%2BJKKdazbzaVI%3D",14,6,0.7,0.511904761904762,0.502988047808765,0.584913678618858
67,"QVVN4Q","Monroe County High School","Monroeville","AL","Tigers","212 Tiger Drive","https://cdn2buckets-live-s3dfaaws-1mlao80q0xoqe.s3.amazonaws.com/e13c5c35-475f-4461-8124-a9f399854799?AWSAccessKeyId=AKIAIUQNYZUJLIOKKJ3A&Expires=1799729205&Signature=CAqv5NiSJ6l5jJsWK0WqjO9Ipso%3D",7,3,0.7,0.508620689655172,0.502057613168724,0.583531644671491
68,"MUUAEV","Pisgah High School","Pisgah","AL","Eagles","60 Metcalf Street","https://cdn2buckets-live-s3dfaaws-1mlao80q0xoqe.s3.amazonaws.com/f673874d-66c0-4e2b-a9a1-cda6c796d7e9?AWSAccessKeyId=AKIAIUQNYZUJLIOKKJ3A&Expires=1799729205&Signature=fpW3Ukr6iExFS5KxLIBhWGaEzCc%3D",7,3,0.7,0.508771929824561,0.498373983739837,0.582663671373556
69,"BBF4GM","Billingsley High School","Billingsley","AL","Bears","2446 County Road 77","https://cdn2buckets-live-s3dfaaws-1mlao80q0xoqe.s3.amazonaws.com/fa6e4c55-b547-462f-fedf-78ba91496633?AWSAccessKeyId=AKIAIUQNYZUJLIOKKJ3A&Expires=1799729202&Signature=kKUVFZfYtbtoAszkpJWJu6buZAo%3D",9,4,0.692307692307692,0.513368983957219,0.503770739064857,0.582544906074318
70,"9VSJYV","North Sand Mtn. High School","Higdon","AL","Bison","29333 AL HWY 71","https://cdn2buckets-live-s3dfaaws-1mlao80q0xoqe.s3.amazonaws.com/113ef02e-9bf2-48b4-ac3d-fed1bb9a7c7d?AWSAccessKeyId=AKIAIUQNYZUJLIOKKJ3A&Expires=1799729205&Signature=U39OgUNAmHwgZde3Fh%2BVeZfTzgk%3D",7,3,0.7,0.508849557522124,0.497716894977169,0.582526568877036
71,"SQM35W","Locust Fork High School","Locust Fork","AL","Hornets","77 School Rd","https://cdn2buckets-live-s3dfaaws-1mlao80q0xoqe.s3.amazonaws.com/c26190bc-63e8-4790-9d8e-0897ceae245f?AWSAccessKeyId=AKIAIUQNYZUJLIOKKJ3A&Expires=1799729205&Signature=c983kLIP7bLJNVyN9SeYz%2B%2FcDJ4%3D",9,4,0.692307692307692,0.511210762331839,0.500399042298484,0.580946604313841
72,"YKS72H","Glencoe High School","Glencoe","AL","Yellow Jacket","803 Lonesomebend Road","https://cdn2buckets-live-s3dfaaws-1mlao80q0xoqe.s3.amazonaws.com/be1c97e0-4d98-4ac3-fa0d-3a1d5e16e148?AWSAccessKeyId=AKIAIUQNYZUJLIOKKJ3A&Expires=1799729205&Signature=MoxL8s0dPANz99alPuI70Ybetag%3D",9,4,0.692307692307692,0.510121457489879,0.501600853788687,0.580865800491706
73,"EEJM4U","Dora High School","Dora","AL","Bulldogs","330 Glenn C. Gant Circle ","https://cdn2buckets-live-s3dfaaws-1mlao80q0xoqe.s3.amazonaws.com/0f27bd8f-7122-496b-d16d-d4f84e1bedba?AWSAccessKeyId=AKIAIUQNYZUJLIOKKJ3A&Expires=1799729203&Signature=PTg1rRwoHwqB9sUyQMI6G9EsOwQ%3D",9,4,0.692307692307692,0.51004016064257,0.498367080339647,0.580028903232888
74,"H6QPLL","Mobile Christian School","Mobile","AL","Leopards","5900 Cottage Hill Road","https://cdn2buckets-live-s3dfaaws-1mlao80q0xoqe.s3.amazonaws.com/f7b8b5a8-1987-40e8-a960-10e319bd81a4?AWSAccessKeyId=AKIAIUQNYZUJLIOKKJ3A&Expires=1799729205&Signature=RE2xjQ%2FgT523HuchGlh4r65AFmc%3D",9,4,0.692307692307692,0.50936329588015,0.498550724637681,0.57983791164055
75,"STK2MR","Buckhorn High School","New Market","AL","Bucks","4123 Winchester Road","https://cdn2buckets-live-s3dfaaws-1mlao80q0xoqe.s3.amazonaws.com/6d803327-a5bd-485e-b7e1-1894099dcd32?AWSAccessKeyId=AKIAIUQNYZUJLIOKKJ3A&Expires=1799729202&Signature=NRFmZYb0NGpwn%2Fptx1CXaU1F%2Fpg%3D",9,4,0.692307692307692,0.50996015936255,0.497450837581937,0.579771842095454
76,"QT6XAE","UMS-Wright Preparatory School","Mobile","AL","Bulldogs","65 Mobile St","https://cdn2buckets-live-s3dfaaws-1mlao80q0xoqe.s3.amazonaws.com/1065573c-c58c-402d-b96b-d9b222ea2140?AWSAccessKeyId=AKIAIUQNYZUJLIOKKJ3A&Expires=1799729208&Signature=tiP%2FU7dmcctN56wukOiYxlxrtU0%3D",11,5,0.6875,0.506622516556291,0.50187265917603,0.577786045588709
77,"K4KFTK","Horseshoe Bend High School","New Site","AL","Generals","10684 AL-22","https://cdn2buckets-live-s3dfaaws-1mlao80q0xoqe.s3.amazonaws.com/13172da1-198e-4ebb-a997-4b19d440c652?AWSAccessKeyId=AKIAIUQNYZUJLIOKKJ3A&Expires=1799729205&Signature=omRMHfhr8tVeeyN960KcIKH9En0%3D",8,4,0.666666666666667,0.517241379310345,0.50188679245283,0.573172847538495
78,"PMVGLX","Sand Rock High School","Sand Rock","AL","Wildcats","1950 Sand Rock Ave.","https://cdn2buckets-live-s3dfaaws-1mlao80q0xoqe.s3.amazonaws.com/0bbf7dcf-5bfd-4a52-9ff4-050eb67fc1aa?AWSAccessKeyId=AKIAIUQNYZUJLIOKKJ3A&Expires=1799729206&Signature=kNzOslGoajfkHc8WebQo0ndJCEE%3D",12,6,0.666666666666667,0.511538461538461,0.501538461538461,0.571089743589744
79,"CZ9ZZ9","Satsuma High School","Satsuma","AL","Gators","1 Gator Circle","https://cdn2buckets-live-s3dfaaws-1mlao80q0xoqe.s3.amazonaws.com/8da1dd68-35f8-4cc9-d971-a42c7f4f72e5?AWSAccessKeyId=AKIAIUQNYZUJLIOKKJ3A&Expires=1799729206&Signature=rLof6RJAkZ1Q%2F%2BX8m3P1oBz6FMY%3D",8,4,0.666666666666667,0.510526315789474,0.501666666666667,0.570767543859649
80,"LPKVK8","Northside Methodist Academy","Dothan","AL","Knights","2600 Redmond Rd","https://cdn2buckets-live-s3dfaaws-1mlao80q0xoqe.s3.amazonaws.com/40a7a546-e821-4b68-cc93-6ae95cc1fe61?AWSAccessKeyId=AKIAIUQNYZUJLIOKKJ3A&Expires=1799729205&Signature=5j9Ho7LPweoiY4ocVX9woO37DuI%3D",10,4,0.666666666666667,0.50920245398773,0.49901768172888,0.569641945994592
81,"NHFMHN","Wenonah High School","Birmingham","AL","Dragons","2800 Wilson Road SW","https://cdn2buckets-live-s3dfaaws-1mlao80q0xoqe.s3.amazonaws.com/42c27aec-c55f-4ce4-dc02-2cdaca831517?AWSAccessKeyId=AKIAIUQNYZUJLIOKKJ3A&Expires=1799729208&Signature=PJE%2F9wddCgNDp9xYY2yfArE7Z%2FU%3D",8,4,0.666666666666667,0.509345794392523,0.498095238095238,0.569461504227859
82,"T3FGKJ","Mary G. Montgomery High School","Semmes","AL","Vikings","4275 Snow Road N ","https://cdn2buckets-live-s3dfaaws-1mlao80q0xoqe.s3.amazonaws.com/8f807357-544f-495b-d663-9a4cbf5eac7c?AWSAccessKeyId=AKIAIUQNYZUJLIOKKJ3A&Expires=1799729205&Signature=c0%2FPH5EXRkgrBTyw9seq%2BHXyqGQ%3D",8,4,0.666666666666667,0.504807692307692,0.501633986928105,0.568757855706385
83,"GXQ5TR","Hatton High School","Town Creek","AL","Hornet","6909 Alabama Hwy 101","https://cdn2buckets-live-s3dfaaws-1mlao80q0xoqe.s3.amazonaws.com/3e3a1c7d-bd6f-4a84-e4a8-d11a6382a597?AWSAccessKeyId=AKIAIUQNYZUJLIOKKJ3A&Expires=1799729205&Signature=PveQnrmfnfH4FKvYM3L7S7ehhKM%3D",8,4,0.666666666666667,0.504237288135593,0.498829039812646,0.567856977467286
84,"BX4VKB","Central High School, Florence","Florence","AL","Wildcats","300 Co Rd 200","https://cdn2buckets-live-s3dfaaws-1mlao80q0xoqe.s3.amazonaws.com/35fe17cd-7fe3-4fd7-d1de-be409b6d07a2?AWSAccessKeyId=AKIAIUQNYZUJLIOKKJ3A&Expires=1799729202&Signature=q4rzdjWBLpEwk4d3h7w58fHxgwE%3D",9,5,0.642857142857143,0.50990099009901,0.498881431767338,0.560328561619345
85,"DQ3PJ2","Homewood High School","Homewood","AL","Patriots","1901 South Lakeshore Drive","https://cdn2buckets-live-s3dfaaws-1mlao80q0xoqe.s3.amazonaws.com/b161f43d-f21a-491f-eb06-2de87b4b0c40?AWSAccessKeyId=AKIAIUQNYZUJLIOKKJ3A&Expires=1799729205&Signature=aaM8Z1IvpCdQ4gC4CvTR15KN2sE%3D",9,5,0.642857142857143,0.506622516556291,0.498664886515354,0.559126959566398
86,"KCEYC6","Daphne High School","Daphne","AL","Trojans","9300 Champions Way","https://cdn2buckets-live-s3dfaaws-1mlao80q0xoqe.s3.amazonaws.com/e53cc359-f1a4-46b8-ac60-54cc72dd3ce4?AWSAccessKeyId=AKIAIUQNYZUJLIOKKJ3A&Expires=1799729202&Signature=SFWXmvo2kG6bamHkt7kNwMPcoPM%3D",9,5,0.642857142857143,0.50462962962963,0.5,0.558763227513227
87,"KF7XCW","Fyffe High School","Fyffe","AL","Red Devils","PO Box 7","https://cdn2buckets-live-s3dfaaws-1mlao80q0xoqe.s3.amazonaws.com/daee1bc3-1172-4b3c-e899-a365f72ec1d4?AWSAccessKeyId=AKIAIUQNYZUJLIOKKJ3A&Expires=1799729205&Signature=bdyOqqwh%2F1MsvgKTfhDkFTcBzL8%3D",7,4,0.636363636363636,0.506726457399103,0.499560246262093,0.556789776200664
88,"CKQBNT","Foley High School","Foley","AL","Lions","1 Pride Place","https://cdn2buckets-live-s3dfaaws-1mlao80q0xoqe.s3.amazonaws.com/8d36c26d-8ba7-4795-805b-aa938aa83605?AWSAccessKeyId=AKIAIUQNYZUJLIOKKJ3A&Expires=1799729205&Signature=89lySjFKgyxP4RkwEB1VdDcaG4w%3D",8,5,0.615384615384615,0.506849315068493,0.500674763832659,0.548719797385983
89,"YBYZNK","Fayette County High School","Fayette","AL","Tigers","202 Tiger Drive","https://cdn2buckets-live-s3dfaaws-1mlao80q0xoqe.s3.amazonaws.com/1cdbe9d1-5005-425a-cb0e-a78ccc4e0981?AWSAccessKeyId=AKIAIUQNYZUJLIOKKJ3A&Expires=1799729205&Signature=I019KW5ADh6xp0x4M1XgTGBr4pY%3D",8,5,0.615384615384615,0.507462686567164,0.49936948297604,0.548608157196364
90,"UZ7SVY","Huntsville High School","Huntsville","AL","Panther","2304 Billie Watkins Avenue","https://cdn2buckets-live-s3dfaaws-1mlao80q0xoqe.s3.amazonaws.com/196c737c-e7bf-4e09-b6cf-e07fa4754935?AWSAccessKeyId=AKIAIUQNYZUJLIOKKJ3A&Expires=1799729205&Signature=WpXzWeT5H2VJjDciv3ayHoqePOE%3D",13,8,0.619047619047619,0.502772643253235,0.498542274052478,0.548225041270799
91,"CZQC6A","Shelby County High School","Columbiana","AL","Wildcats","101 Washington St.","https://cdn2buckets-live-s3dfaaws-1mlao80q0xoqe.s3.amazonaws.com/a3f41dc1-b6a9-4b59-dc60-c84242625970?AWSAccessKeyId=AKIAIUQNYZUJLIOKKJ3A&Expires=1799729207&Signature=45CtpR3dU9c214S%2FJcMhnXEQpkw%3D",8,5,0.615384615384615,0.506122448979592,0.499545867393279,0.548183170145023
92,"TGO8P9","Gulf Shores High School","Gulf Shores","AL","Dolphins","600 E. 15th Avenue","https://cdn2buckets-live-s3dfaaws-1mlao80q0xoqe.s3.amazonaws.com/9a85f701-4aa6-4f4f-fd18-9f91e4299fae?AWSAccessKeyId=AKIAIUQNYZUJLIOKKJ3A&Expires=1799729205&Signature=7SDatbHWWYUKHMquQhg4ofXFCmI%3D",13,8,0.619047619047619,0.501210653753027,0.497419052088222,0.547397539454662
93,"YXLTJS","Athens Bible School","Athens","AL","Trojans","700 US Hwy 31 North","https://cdn2buckets-live-s3dfaaws-1mlao80q0xoqe.s3.amazonaws.com/375b4b20-db5f-447d-c460-71c59a74056a?AWSAccessKeyId=AKIAIUQNYZUJLIOKKJ3A&Expires=1799729202&Signature=dJvnyiz2K8jooxBEB90UtBydcXg%3D",8,5,0.615384615384615,0.502564102564103,0.499337748344371,0.546885719137375
94,"TD3HRV","Saraland High School","Saraland","AL","Spartans","1115 Industrial Parkway","https://cdn2buckets-live-s3dfaaws-1mlao80q0xoqe.s3.amazonaws.com/4210fc58-83dd-4dcc-ab37-98261283f6cc?AWSAccessKeyId=AKIAIUQNYZUJLIOKKJ3A&Expires=1799729206&Signature=3lemc2jNo0GziGEyonK4DkFazrI%3D",9,5,0.6,0.505154639175258,0.501628664495114,0.542211289835119
95,"5TCR5Z","Chilton County High School","Clanton","AL","Tigers","1214 7th Street South","https://cdn2buckets-live-s3dfaaws-1mlao80q0xoqe.s3.amazonaws.com/79f7c0ee-c2d7-41a6-a3a3-71d891a4456b?AWSAccessKeyId=AKIAIUQNYZUJLIOKKJ3A&Expires=1799729202&Signature=2dk2BtQoBSFdaU16a3qgVuOuRE0%3D",9,6,0.6,0.505494505494505,0.500367917586461,0.542015056319692
96,"43HG2A","Coosa Christian School","Gadsden","AL","Conquerors","2736 Wills Creek Road","https://cdn2buckets-live-s3dfaaws-1mlao80q0xoqe.s3.amazonaws.com/31a9c82d-f6c1-4455-ff26-a7c456b9bfa5?AWSAccessKeyId=AKIAIUQNYZUJLIOKKJ3A&Expires=1799729202&Signature=mqJcRi%2BfFMDmecjoD3axQW6lgiE%3D",6,4,0.6,0.505154639175258,0.498975409836066,0.541547976170357
97,"A279HX","Boaz High School","Boaz","AL","Pirates","907 Brown Street","https://cdn2buckets-live-s3dfaaws-1mlao80q0xoqe.s3.amazonaws.com/a97a1bce-da54-463c-c660-1db467c17fc8?AWSAccessKeyId=AKIAIUQNYZUJLIOKKJ3A&Expires=1799729202&Signature=h1hymA1wM%2F4npw%2BmBfH%2Fyz6hnDw%3D",9,6,0.6,0.504854368932039,0.497935103244838,0.541182804937423
98,"7L544T","Luverne High School","Luverne","AL","Tigers","194 1st Avenue","https://cdn2buckets-live-s3dfaaws-1mlao80q0xoqe.s3.amazonaws.com/f9e1d7e2-1e03-4b7a-ac40-da7b5c5f5d3b?AWSAccessKeyId=AKIAIUQNYZUJLIOKKJ3A&Expires=1799729205&Signature=hQdP2tJ6vU1LYfFtJpUpC7Y6RyA%3D",6,4,0.6,0.50561797752809,0.495677233429395,0.54088560049218
99,"65X73S","J.B. Pennington High School","Blountsville","AL","Tigers","81 College Street","https://cdn2buckets-live-s3dfaaws-1mlao80q0xoqe.s3.amazonaws.com/a79f9708-7560-420d-b21d-d388e08c2b9d?AWSAccessKeyId=AKIAIUQNYZUJLIOKKJ3A&Expires=1799729205&Signature=hcylU9bDjHiADWrpth0zpK4qnSM%3D",6,4,0.6,0.5,0.5,0.54
99,"WSMVWA","McIntosh High School (AL)","Mcintosh","AL","Demons","7010 Hwy 43 N","https://cdn2buckets-live-s3dfaaws-1mlao80q0xoqe.s3.amazonaws.com/1c9c5c5f-97ef-40c4-c1a5-85958c2e0a9a?AWSAccessKeyId=AKIAIUQNYZUJLIOKKJ3A&Expires=1799729205&Signature=ttNsYoIzGJycOqXJTWOLjpbCBkM%3D",6,4,0.6,0.5,0.5,0.54
101,"AMCBWL","Wicksburg High School","Newton","AL","Panthers","1172 South St Hwy 123","https://cdn2buckets-live-s3dfaaws-1mlao80q0xoqe.s3.amazonaws.com/17290cd4-5e31-4656-e16e-01b860b1b83d?AWSAccessKeyId=AKIAIUQNYZUJLIOKKJ3A&Expires=1799729208&Signature=dmCVcWtaTKZPKW1RGTYXqjudE5o%3D",6,4,0.6,0.5,0.491279069767442,0.53781976744186
102,"ACXQTY","Montgomery Catholic Preparatory School","Montgomery","AL","Knights","5350 Vaughn Road","https://cdn2buckets-live-s3dfaaws-1mlao80q0xoqe.s3.amazonaws.com/de5229f3-870a-4190-8e32-9f9e6af7beb6?AWSAccessKeyId=AKIAIUQNYZUJLIOKKJ3A&Expires=1799729205&Signature=j88EpwQLX9O83h8iBnH%2FpzvbyJA%3D",6,4,0.6,0.49468085106383,0.495850622406639,0.537100953474
103,"S2B22L","Ardmore High School","Ardmore","AL","Tigers","30285 Ardmore Avenue","https://cdn2buckets-live-s3dfaaws-1mlao80q0xoqe.s3.amazonaws.com/0264d193-d76c-4047-dc71-4a5b4c359997?AWSAccessKeyId=AKIAIUQNYZUJLIOKKJ3A&Expires=1799729202&Signature=qgtkT1pHYqaW15XGifB81djuVEg%3D",10,7,0.588235294117647,0.501742160278746,0.499581589958159,0.535799271234159
104,"SCZJJW","Bullock County High School","Union Springs","AL","Hornet","PO Box 5108","https://cdn2buckets-live-s3dfaaws-1mlao80q0xoqe.s3.amazonaws.com/30a6c57b-933a-4e2f-d5b0-9fdedca06697?AWSAccessKeyId=AKIAIUQNYZUJLIOKKJ3A&Expires=1799729202&Signature=%2FJUkpHm%2FHQ7FX%2BXmAMsI%2FMCSTHA%3D",7,5,0.583333333333333,0.505747126436782,0.5,0.535344827586207
105,"UZ2Z3E","Ider High School","Ider","AL","Hornets","1064 Crabapple Lane","https://cdn2buckets-live-s3dfaaws-1mlao80q0xoqe.s3.amazonaws.com/f9a7e154-e40f-4c1f-f7c4-8e239d2b45bf?AWSAccessKeyId=AKIAIUQNYZUJLIOKKJ3A&Expires=1799729205&Signature=bYUuJHLv%2BNeuELFqZ8cOZ%2B2vLP4%3D",7,5,0.583333333333333,0.504310344827586,0.498525073746313,0.534473222459567
106,"N6J5ZH","Mattie T. Blount High School","Eight Mile","AL","Leopards","5450 Lott Rd","https://cdn2buckets-live-s3dfaaws-1mlao80q0xoqe.s3.amazonaws.com/6b94232e-426b-45a4-9f24-4088e2a04d32?AWSAccessKeyId=AKIAIUQNYZUJLIOKKJ3A&Expires=1799729205&Signature=p2trqRdmZtKZoPESdhdlnjg6tCw%3D",7,5,0.583333333333333,0.504504504504504,0.49822695035461,0.534466647498562
107,"LFLWZV","Athens High School","Athens","AL","Golden Eagles","655 U. S. Highway 31 North","https://cdn2buckets-live-s3dfaaws-1mlao80q0xoqe.s3.amazonaws.com/69f0bef8-a411-44f2-a719-cfaa153d7e83?AWSAccessKeyId=AKIAIUQNYZUJLIOKKJ3A&Expires=1799729202&Signature=wW4KZURNz%2BjPpgQPm9%2BW6zr%2BsDQ%3D",10,7,0.588235294117647,0.498575498575499,0.498604131769961,0.534446575090974
108,"UXJLUC","Shades Valley High School","Irondale","AL","Mounties","6100 Old Leeds Road ","https://cdn2buckets-live-s3dfaaws-1mlao80q0xoqe.s3.amazonaws.com/cbdce46b-159d-4995-8b2b-449526e75608?AWSAccessKeyId=AKIAIUQNYZUJLIOKKJ3A&Expires=1799729207&Signature=DjcIewJP%2FDGKI1nWZt09Ht%2F7P1Q%3D",7,5,0.583333333333333,0.5,0.497810218978102,0.532785888077859
109,"T7BRHF","Gardendale High School","Gardendale","AL","Rockets","800 Main Street","https://cdn2buckets-live-s3dfaaws-1mlao80q0xoqe.s3.amazonaws.com/4fc20f97-5a61-439d-f0ac-df2af5eeed1e?AWSAccessKeyId=AKIAIUQNYZUJLIOKKJ3A&Expires=1799729205&Signature=vp9fvJXHXKd4Yvg1vX74FdJ%2FdpQ%3D",7,5,0.583333333333333,0.5,0.496969696969697,0.532575757575758
110,"8388YD","Jemison High School","Jemison","AL","Panthers","25195 US HWY 31","https://cdn2buckets-live-s3dfaaws-1mlao80q0xoqe.s3.amazonaws.com/03f4cd71-1d2a-4236-a1a2-6635d2426f3c?AWSAccessKeyId=AKIAIUQNYZUJLIOKKJ3A&Expires=1799729205&Signature=Hjgb9Ru40zxWAVWZsbF2BpSXnQ0%3D",8,6,0.571428571428571,0.50625,0.501432664756447,0.53111709476054
111,"N2XQZ5","Slocomb High School","Slocomb","AL","Redtops","591 S County Road 9","https://cdn2buckets-live-s3dfaaws-1mlao80q0xoqe.s3.amazonaws.com/5616264c-f0d4-4f4a-a386-6d481aebd160?AWSAccessKeyId=AKIAIUQNYZUJLIOKKJ3A&Expires=1799729207&Signature=C%2FXa3RLuxfGA%2BzSKwGt6R3FvzXQ%3D",7,4,0.583333333333333,0.49390243902439,0.496240601503759,0.53025933736781
112,"TGTNMC","Oak Mountain High School","Birmingham","AL","Eagles","5476 Caldwell Mill Road","https://cdn2buckets-live-s3dfaaws-1mlao80q0xoqe.s3.amazonaws.com/8b094709-6c63-4cc3-ffac-7650eeaea1e5?AWSAccessKeyId=AKIAIUQNYZUJLIOKKJ3A&Expires=1799729205&Signature=w6MlmYDBPH48OdVd4v1PEebjQk0%3D",8,6,0.571428571428571,0.503086419753086,0.497273718647764,0.52897010514695
113,"ESRTSZ","Briarwood Christian School","Birmingham","AL","Lion","6255 Cahaba Valley Road","https://cdn2buckets-live-s3dfaaws-1mlao80q0xoqe.s3.amazonaws.com/c3c1315f-e4f0-4d73-d856-fc8e21293eef?AWSAccessKeyId=AKIAIUQNYZUJLIOKKJ3A&Expires=1799729202&Signature=VkvxWHVax%2FAQHrmGju8Yg%2FR2G8I%3D",8,6,0.571428571428571,0.5,0.498706338939198,0.528248013306228
114,"KC8GKK","Vestavia Hills High School","Vestavia Hills","AL","Rebels","2235 Lime Rock Road","https://cdn2buckets-live-s3dfaaws-1mlao80q0xoqe.s3.amazonaws.com/64c91490-88c4-4b83-b626-441ae3e6ddb6?AWSAccessKeyId=AKIAIUQNYZUJLIOKKJ3A&Expires=1799729208&Signature=Wq7RIi%2Fpqz4MvYywX4UsxnDRsxE%3D",8,6,0.571428571428571,0.497422680412371,0.497107039537126,0.52694612660004
115,"V83L2S","Oxford High School","Oxford","AL","Yellow Jackets","1 YELLOW JACKET DRIVE","https://cdn2buckets-live-s3dfaaws-1mlao80q0xoqe.s3.amazonaws.com/ff032167-0f36-405b-a9d6-e91a05e3a012?AWSAccessKeyId=AKIAIUQNYZUJLIOKKJ3A&Expires=1799729205&Signature=aBXN2Z6vDn1o74aFWGlqqXNbwlE%3D",9,7,0.5625,0.5,0.497957099080695,0.524489274770174
116,"8ELZNV","Vinemont High School","Vinemont","AL","Eagles","High School Road","https://cdn2buckets-live-s3dfaaws-1mlao80q0xoqe.s3.amazonaws.com/166eff38-0dd6-4fa3-c97f-9030f1ea59ca?AWSAccessKeyId=AKIAIUQNYZUJLIOKKJ3A&Expires=1799729208&Signature=Cg01UxKs3Ff22xyOcpxH8a9Hq3I%3D",11,9,0.55,0.50297619047619,0.497455470737913,0.520405534351145
117,"7HL2FY","Phil Campbell High School","Phil Campbell","AL","Bobcats","P.O. Box 849","https://cdn2buckets-live-s3dfaaws-1mlao80q0xoqe.s3.amazonaws.com/125465bf-e923-4432-ce02-d609901ae5ca?AWSAccessKeyId=AKIAIUQNYZUJLIOKKJ3A&Expires=1799729205&Signature=xxQDNN%2BEiAfroVAe5p93DyEFRnU%3D",6,5,0.545454545454545,0.502183406113537,0.49814585908529,0.518482475092879
118,"BQ2CAJ","Lynn High School","Lynn","AL","Bears","531 East Main Street","https://cdn2buckets-live-s3dfaaws-1mlao80q0xoqe.s3.amazonaws.com/c381d536-aad2-476e-b9b6-be43dff3386d?AWSAccessKeyId=AKIAIUQNYZUJLIOKKJ3A&Expires=1799729205&Signature=rsAoQIM1%2Badwyg4U7jhYtSzLkcI%3D",7,5,0.538461538461538,0.503401360544218,0.499065420560748,0.516341446715278
119,"42XLF4","Abbeville High School","Abbeville","AL",NA,"411 Graball Cutoff ","https://cdn2buckets-live-s3dfaaws-1mlao80q0xoqe.s3.amazonaws.com/68902448-a206-407e-9ea6-4508b440b072?AWSAccessKeyId=AKIAIUQNYZUJLIOKKJ3A&Expires=1799729202&Signature=QQe4f1YXOQANPC0I6uGrpN5%2BRFs%3D",6,4,0.545454545454545,0.496503496503497,0.497247706422018,0.516269968563547
120,"HNGND2","Rogers High School","Florence","AL","Pirates","300 Rogers Lane","https://cdn2buckets-live-s3dfaaws-1mlao80q0xoqe.s3.amazonaws.com/57119f4b-39c1-440a-a5d3-66956b3a9a19?AWSAccessKeyId=AKIAIUQNYZUJLIOKKJ3A&Expires=1799729206&Signature=yJtbRy6ADV%2BfFuN4vYjsVsQaH78%3D",7,5,0.538461538461538,0.502369668246445,0.499270072992701,0.516031517519047
121,"T37ZR4","Calhoun High School","Letohatchee","AL","Tiger","8213 County Road 33","https://cdn2buckets-live-s3dfaaws-1mlao80q0xoqe.s3.amazonaws.com/a9bb0a73-e0ee-4c41-c96a-512313082819?AWSAccessKeyId=AKIAIUQNYZUJLIOKKJ3A&Expires=1799729202&Signature=N1uVLk3sgtGOXJPRha6%2BhA%2F1%2FCw%3D",7,6,0.538461538461538,0.502762430939227,0.498159509202454,0.515891343513958
122,"6UZTNH","Thompson High School","Alabaster","AL","Warriors","1921 Warrior Parkway","https://cdn2buckets-live-s3dfaaws-1mlao80q0xoqe.s3.amazonaws.com/d31c018a-1431-4af4-c89a-49f2787aa781?AWSAccessKeyId=AKIAIUQNYZUJLIOKKJ3A&Expires=1799729208&Signature=6kXjdbgDU7J9jlYl5xPG9Zh57EY%3D",7,6,0.538461538461538,0.501587301587302,0.496966354109211,0.515181759467474
123,"2XREVV","Cleveland High School","Cleveland","AL","Panthers","71 High School Street","https://cdn2buckets-live-s3dfaaws-1mlao80q0xoqe.s3.amazonaws.com/a02849c6-3800-4943-cb48-9fd232e95c65?AWSAccessKeyId=AKIAIUQNYZUJLIOKKJ3A&Expires=1799729202&Signature=g%2FexSG7kJor7hzU47hzJUWpsFME%3D",8,7,0.533333333333333,0.498084291187739,0.499537465309898,0.512547201576517
124,"B9LYEB","Eufaula High School","Eufaula","AL","Tiger","530 Lake Drive","https://cdn2buckets-live-s3dfaaws-1mlao80q0xoqe.s3.amazonaws.com/a62217a6-7a67-4185-a348-ac09072806d9?AWSAccessKeyId=AKIAIUQNYZUJLIOKKJ3A&Expires=1799729205&Signature=TOHMp119ExjOQdD3RMTAVcWHcts%3D",7,6,0.538461538461538,0.490445859872611,0.495400788436268,0.510890863449096
125,"MYPTR3","Vincent Middle High School","Vincent","AL","Yellow Jackets","42505 Hwy 25","https://cdn2buckets-live-s3dfaaws-1mlao80q0xoqe.s3.amazonaws.com/d250cd3d-2b9c-4b5b-ea09-1e06480eec72?AWSAccessKeyId=AKIAIUQNYZUJLIOKKJ3A&Expires=1799729208&Signature=Yo6jnhp2a%2FQKUY9H2EfjxDbtxSg%3D",7,7,0.5,0.5,0.5,0.5
126,"CX8CJT","Belgreen High School","Russellville","AL","Bulldog","14220 Hwy 187","https://cdn2buckets-live-s3dfaaws-1mlao80q0xoqe.s3.amazonaws.com/e08f7002-345c-42f1-8fbb-dc9115505060?AWSAccessKeyId=AKIAIUQNYZUJLIOKKJ3A&Expires=1799729202&Signature=5tcqYmIttzQafUmhRN5%2F7Lv1JI4%3D",6,5,0.5,0.5,0.498853211009174,0.499713302752294
127,"Z8FJH6","Curry High School","Jasper","AL","Yellow Jacket","155 Yellow Jacket Dr.","https://cdn2buckets-live-s3dfaaws-1mlao80q0xoqe.s3.amazonaws.com/40b386c8-4c47-4d34-d92a-9256f24f3de8?AWSAccessKeyId=AKIAIUQNYZUJLIOKKJ3A&Expires=1799729202&Signature=kVRCHai%2F0HwfphINg5ij8y8HogM%3D",6,6,0.5,0.5,0.498768472906404,0.499692118226601
128,"Q3M3XQ","Collinsville High School","Collinsville","AL","Panthers","802 S. Valley Ave.","https://cdn2buckets-live-s3dfaaws-1mlao80q0xoqe.s3.amazonaws.com/a1ab9ed8-0c51-4849-dab0-5b474eaca999?AWSAccessKeyId=AKIAIUQNYZUJLIOKKJ3A&Expires=1799729202&Signature=f0bqZMckGI10YOIRMOMA%2FazD8uA%3D",7,7,0.5,0.5,0.498727735368957,0.499681933842239
129,"WXGZUY","Williamson High School","Mobile","AL","L","1567 E Dublin  Street ","https://cdn2buckets-live-s3dfaaws-1mlao80q0xoqe.s3.amazonaws.com/ad970851-b5b5-4869-abdc-889861c5c4d8?AWSAccessKeyId=AKIAIUQNYZUJLIOKKJ3A&Expires=1799729208&Signature=aT5HczzSliaWtKL%2BGPR7JbqQ%2B8s%3D",5,5,0.5,0.5,0.498397435897436,0.499599358974359
130,"QGXXRY","Sylvania High School","Sylvania","AL","Rams","133 2nd Street N","https://cdn2buckets-live-s3dfaaws-1mlao80q0xoqe.s3.amazonaws.com/de5d4ae4-dc9a-4ec5-d37d-392d83a1128e?AWSAccessKeyId=AKIAIUQNYZUJLIOKKJ3A&Expires=1799729208&Signature=NlGjW4Fjtepo0lgu2HvEXS6IWxI%3D",7,7,0.5,0.5,0.497849462365591,0.499462365591398
131,"YBWRRJ","Central High School of Clay County","Lineville","AL","Volunteers","1 Bob Riley Dr","https://cdn2buckets-live-s3dfaaws-1mlao80q0xoqe.s3.amazonaws.com/ca8b6c65-e0d7-45ef-96ce-4b21508c47dc?AWSAccessKeyId=AKIAIUQNYZUJLIOKKJ3A&Expires=1799729202&Signature=3oE4W0sD6q19RUrW84oYpTdt6%2Fk%3D",6,6,0.5,0.5,0.497536945812808,0.499384236453202
132,"9F7KDR","Cold Springs High School","Bremen","AL","Eagles","9010 County Road 109","https://cdn2buckets-live-s3dfaaws-1mlao80q0xoqe.s3.amazonaws.com/7793fc7d-c659-4c8d-94f9-d7262abdae70?AWSAccessKeyId=AKIAIUQNYZUJLIOKKJ3A&Expires=1799729202&Signature=xQ6JsHQGOnwe%2BQyVYuLmjV5qRxM%3D",6,6,0.5,0.5,0.497101449275362,0.499275362318841
133,"PXT7FY","Sylacauga High School","Sylacauga","AL","Aggie","701 North Broadway Ave","https://cdn2buckets-live-s3dfaaws-1mlao80q0xoqe.s3.amazonaws.com/d69c703d-342a-4990-91b7-7a000e8ae9a8?AWSAccessKeyId=AKIAIUQNYZUJLIOKKJ3A&Expires=1799729208&Signature=Di3qUaiYwWHb0pXoo3fP4KYIDWk%3D",6,6,0.5,0.5,0.496644295302013,0.499161073825503
134,"8DDWTX","Brooks High School","Killen","AL","Lions","4300 US- 72","https://cdn2buckets-live-s3dfaaws-1mlao80q0xoqe.s3.amazonaws.com/477d9b64-05c2-45e2-d50c-8dd6a14e41e7?AWSAccessKeyId=AKIAIUQNYZUJLIOKKJ3A&Expires=1799729202&Signature=sQFmOguPHWbFy3jNvpRbDMSUoqU%3D",5,5,0.5,0.5,0.495762711864407,0.498940677966102
135,"47PAUC","Section High School","Section","AL","Lions","141 AL HWY 71","https://cdn2buckets-live-s3dfaaws-1mlao80q0xoqe.s3.amazonaws.com/40b6a33c-cc27-4ed9-9759-3191a5747494?AWSAccessKeyId=AKIAIUQNYZUJLIOKKJ3A&Expires=1799729207&Signature=E3QFr9gGINYISevLn8cxgaIhhM0%3D",5,5,0.5,0.495412844036697,0.499229583975347,0.498201891406681
136,"BKTUE5","East Lawrence High School ","Trinity","AL","Eagle","55 County Road 370","https://cdn2buckets-live-s3dfaaws-1mlao80q0xoqe.s3.amazonaws.com/7fd047de-d8f7-487f-cd00-45b91565fc4c?AWSAccessKeyId=AKIAIUQNYZUJLIOKKJ3A&Expires=1799729203&Signature=UEXMKdhEK9snJlt9V%2BAhYb%2BT3VU%3D",5,5,0.5,0.495967741935484,0.497549019607843,0.49797596457938
137,"TL778G","Skyline High School","Scottsboro","AL","Vikings","897 County Road 25","https://cdn2buckets-live-s3dfaaws-1mlao80q0xoqe.s3.amazonaws.com/d5bf53e5-a428-478a-b71c-f2b9f016b4d3?AWSAccessKeyId=AKIAIUQNYZUJLIOKKJ3A&Expires=1799729207&Signature=loVRF0oF1ArFfQPpvOKO%2FaP3rg8%3D",7,7,0.5,0.494845360824742,0.499087591240876,0.497967774098879
138,"SR7QJA","Lexington High School","Lexington","AL","Golden Bears","101 School St","https://cdn2buckets-live-s3dfaaws-1mlao80q0xoqe.s3.amazonaws.com/05fdc6ff-09ff-4b53-fe34-b5fb11e54135?AWSAccessKeyId=AKIAIUQNYZUJLIOKKJ3A&Expires=1799729205&Signature=gHHfw%2BWsY87oB0uovpM4AsP8kFg%3D",7,7,0.5,0.495798319327731,0.497635933806147,0.497938395216243
139,"REKPEM","Southeastern High School","Remlap","AL","Mustangs","18770 Hwy. 75","https://cdn2buckets-live-s3dfaaws-1mlao80q0xoqe.s3.amazonaws.com/79d30525-8dcf-4a8b-fe8f-8d97f7b4de4f?AWSAccessKeyId=AKIAIUQNYZUJLIOKKJ3A&Expires=1799729208&Signature=ZoHbfcdkou3vsJu%2FFRB5SwsvdAs%3D",8,8,0.5,0.495327102803738,0.498058252427184,0.497879049088105
140,"PJQR2B","Hamilton High School","Hamilton","AL","Aggies","211 aggie ave.","https://cdn2buckets-live-s3dfaaws-1mlao80q0xoqe.s3.amazonaws.com/ae4c70d3-ac5e-43c4-f3b4-b99c60d4de35?AWSAccessKeyId=AKIAIUQNYZUJLIOKKJ3A&Expires=1799729205&Signature=OOCxGUvBJL7XiOHzSX7LBmGhMIQ%3D",6,6,0.5,0.49468085106383,0.497844827586207,0.497599504768892
141,"EE9T6D","Loachapoka High School","Auburn","AL","Indian","685 Lee Rd 61","https://cdn2buckets-live-s3dfaaws-1mlao80q0xoqe.s3.amazonaws.com/2a7b613e-773d-460d-e87a-e1ab52c58d15?AWSAccessKeyId=AKIAIUQNYZUJLIOKKJ3A&Expires=1799729205&Signature=RnULzlOWzQrfwWYopLLLpDcH9Cc%3D",8,8,0.5,0.494845360824742,0.497142857142857,0.497481590574374
142,"3AQV8Y","Haleyville High School","Haleyville","AL","Lion","2001 20th street","https://cdn2buckets-live-s3dfaaws-1mlao80q0xoqe.s3.amazonaws.com/215fca9e-2d7b-4c53-bb0c-c0aaf9c76874?AWSAccessKeyId=AKIAIUQNYZUJLIOKKJ3A&Expires=1799729205&Signature=%2FqsJzJ%2BL3z51C9Iwwzmz1uRyrgg%3D",5,5,0.5,0.495145631067961,0.496674057649667,0.497469485286203
143,"LL8HVS","Kate Duncan Smith DAR High School","Grant","AL","Patriots","6077 Main St. ","https://cdn2buckets-live-s3dfaaws-1mlao80q0xoqe.s3.amazonaws.com/d4c05991-beda-4b8b-ab72-8282f0e205f0?AWSAccessKeyId=AKIAIUQNYZUJLIOKKJ3A&Expires=1799729205&Signature=q7fVPm9eSoq%2BCc%2FWBLpWajoTDNs%3D",9,9,0.5,0.494475138121547,0.497297297297297,0.497390622666866
144,"D63DSX","Weaver High School","Weaver","AL","Bearcats","917 Clairmont Drive","https://cdn2buckets-live-s3dfaaws-1mlao80q0xoqe.s3.amazonaws.com/600044d5-3853-4ee4-b094-0b1ef708a511?AWSAccessKeyId=AKIAIUQNYZUJLIOKKJ3A&Expires=1799729208&Signature=2vSSyFrI1kY5tyxdsczQrQxCB88%3D",5,5,0.5,0.493150684931507,0.498614958448753,0.497256479338216
145,"UJ683V","Central High School, Phenix City","Phenix City","AL","Red Devils","2400 Dobbs Drive","https://cdn2buckets-live-s3dfaaws-1mlao80q0xoqe.s3.amazonaws.com/adb31e59-c295-46e2-e5a1-0fa78beb6c63?AWSAccessKeyId=AKIAIUQNYZUJLIOKKJ3A&Expires=1799729202&Signature=PR9QpfGPrIpXp1QqUHpJs%2F75%2BHU%3D",6,6,0.5,0.491869918699187,0.496954933008526,0.496393204796847
146,"3LP23D","GW Long High School","Skipperville","AL","Rebels","2565 County Road 60","https://cdn2buckets-live-s3dfaaws-1mlao80q0xoqe.s3.amazonaws.com/6bd91eb3-1af1-4880-f223-3c8a0da89fb0?AWSAccessKeyId=AKIAIUQNYZUJLIOKKJ3A&Expires=1799729205&Signature=3BTDE4jf8jCNYba5jSadZikmh7c%3D",5,5,0.5,0.485507246376812,0.493927125506073,0.493409317608402
147,"TTXUJC","Woodlawn High School","Birmingham","AL","Colonels","5620 First Avenue North","https://cdn2buckets-live-s3dfaaws-1mlao80q0xoqe.s3.amazonaws.com/7148fc84-ac1c-46e8-870a-0a323937dff0?AWSAccessKeyId=AKIAIUQNYZUJLIOKKJ3A&Expires=1799729208&Signature=0WWzbYivnPx7bjfoTA2YIAAqzIM%3D",7,8,0.466666666666667,0.498338870431894,0.496932515337423,0.485318400152185
148,"ERT88J","A.H. Parker High School","Birmingham","AL","Bison","400 Reverend Abraham L. Woods Jr. Boulevard","https://cdn2buckets-live-s3dfaaws-1mlao80q0xoqe.s3.amazonaws.com/b986055a-34f3-4a75-c5ae-f5d7ecd259e9?AWSAccessKeyId=AKIAIUQNYZUJLIOKKJ3A&Expires=1799729202&Signature=DzPgTqaZZZ3F5dsYziSsFXzfKWo%3D",8,9,0.470588235294118,0.491039426523298,0.4954829742877,0.483969836972726
149,"EPMHFL","Oneonta High School","Oneonta","AL",NA,"27605 State Highway 75","https://cdn2buckets-live-s3dfaaws-1mlao80q0xoqe.s3.amazonaws.com/3378ad38-4bf4-4218-cbe0-cecb166928b1?AWSAccessKeyId=AKIAIUQNYZUJLIOKKJ3A&Expires=1799729205&Signature=0OqO2K49Pfti%2F45rgDFI9FtGssY%3D",6,6,0.461538461538462,0.498293515358362,0.498980285520054,0.483763186370825
150,"64EX8A","Cullman Christian School","Cullman","AL","Lions","1803 Beech Avenue Southeast","https://cdn2buckets-live-s3dfaaws-1mlao80q0xoqe.s3.amazonaws.com/e6507179-e16c-42a8-e5f3-60b85e2d192f?AWSAccessKeyId=AKIAIUQNYZUJLIOKKJ3A&Expires=1799729202&Signature=uKk5epepb1D0ZUyDptFM3%2FDq2G4%3D",6,7,0.461538461538462,0.497816593886463,0.498054474708171,0.483364811152689
151,"UA3HSQ","Appalachian High School","Oneonta","AL","Eagles","350 County Highway 12","https://cdn2buckets-live-s3dfaaws-1mlao80q0xoqe.s3.amazonaws.com/7d7e20f1-fc8b-49ea-fc82-abc754ae06f2?AWSAccessKeyId=AKIAIUQNYZUJLIOKKJ3A&Expires=1799729202&Signature=ywyfAU%2FzdHSqjYfh%2F8tftQ4tRrw%3D",6,7,0.461538461538462,0.497175141242938,0.498233215547703,0.483184987937339
152,"8TYQFD","Pell City High School","Pell City","AL","Panthers","1300 Cogswell Ave","https://cdn2buckets-live-s3dfaaws-1mlao80q0xoqe.s3.amazonaws.com/8f6930fe-9dc5-42c9-c2b4-37462eee3c54?AWSAccessKeyId=AKIAIUQNYZUJLIOKKJ3A&Expires=1799729205&Signature=qBOoZkmtfauBt8mFUyr6vQ7rLhE%3D",6,7,0.461538461538462,0.498154981549816,0.496796738497379,0.483168812782165
153,"NYJ75M","Sparkman High School","Harvest","AL","Senators","2616 Jeff Road","https://cdn2buckets-live-s3dfaaws-1mlao80q0xoqe.s3.amazonaws.com/4323d381-656d-4ae8-8f09-8dbf84eb1b0f?AWSAccessKeyId=AKIAIUQNYZUJLIOKKJ3A&Expires=1799729208&Signature=lGasIXzqUZUWfvfjcOgB4cWTHnU%3D",6,7,0.461538461538462,0.498402555910543,0.495109104589917,0.482833555331554
154,"C6423D","Southside High School","Southside","AL","Panthers","2361 School Drive ","https://cdn2buckets-live-s3dfaaws-1mlao80q0xoqe.s3.amazonaws.com/413a596c-1273-4ee5-8b5d-6df93a1d2174?AWSAccessKeyId=AKIAIUQNYZUJLIOKKJ3A&Expires=1799729208&Signature=f%2F5kmn%2BMUWuZtSgNrqDt%2B1q9vg0%3D",6,7,0.461538461538462,0.494423791821561,0.499034127495171,0.482422243626724
155,"ZWACWY","Demopolis High School","Demopolis","AL","Tigers","701 Highway 80 West","https://cdn2buckets-live-s3dfaaws-1mlao80q0xoqe.s3.amazonaws.com/945062d5-f8d0-4088-ca11-c193ebe76d84?AWSAccessKeyId=AKIAIUQNYZUJLIOKKJ3A&Expires=1799729202&Signature=416Ykb2f1EXANqSQGL0Jgr3Zr9E%3D",6,7,0.461538461538462,0.492957746478873,0.497527200791296,0.481532396080814
156,"6XDBFW","Cornerstone Schools Of Alabama","Birmingham","AL",NA,"959 Huffman Rd","https://cdn2buckets-live-s3dfaaws-1mlao80q0xoqe.s3.amazonaws.com/3e69993a-5864-4d4f-b977-0e536b812f13?AWSAccessKeyId=AKIAIUQNYZUJLIOKKJ3A&Expires=1799729202&Signature=MSU5ATZypW31oi%2BGstvKbwji0MQ%3D",5,6,0.454545454545455,0.49792531120332,0.498298162014976,0.480666581243088
157,"EEG6QD","Fultondale High School","Birmingham","AL","Wildcats","2023 Wildcat Parkway","https://cdn2buckets-live-s3dfaaws-1mlao80q0xoqe.s3.amazonaws.com/bbb043ed-6e47-4874-b2cb-213c687e7e65?AWSAccessKeyId=AKIAIUQNYZUJLIOKKJ3A&Expires=1799729205&Signature=ESZolWhG8TbdBKrUZdefyeDly74%3D",5,6,0.454545454545455,0.496932515337423,0.499395405078597,0.480593413455929
158,"3KU9CQ","The Montgomery Academy","Montgomery","AL","Eagles","3240 Vaughn Road","https://cdn2buckets-live-s3dfaaws-1mlao80q0xoqe.s3.amazonaws.com/6715c2f3-b4cb-4a62-c8b4-2b2426f046b2?AWSAccessKeyId=AKIAIUQNYZUJLIOKKJ3A&Expires=1799729208&Signature=YPSmr0XEAaPabpSCYXsEgs5AmtY%3D",5,6,0.454545454545455,0.49814126394052,0.496514745308311,0.480296310524442
159,"3YXTPH","Breakthrough Charter School","Marion","AL","Broncos","1820 Prier Drive","https://cdn2buckets-live-s3dfaaws-1mlao80q0xoqe.s3.amazonaws.com/9807fbd2-d11d-4a7f-94c0-403963477f21?AWSAccessKeyId=AKIAIUQNYZUJLIOKKJ3A&Expires=1799729202&Signature=tfloObmrzUVHygmASjbNT6hzDuA%3D",5,6,0.454545454545455,0.497109826589595,0.496798975672215,0.480006365042594
160,"PRHADG","Enterprise High School","Enterprise","AL","Wildcats","1801 Boll Weevil Circle","https://cdn2buckets-live-s3dfaaws-1mlao80q0xoqe.s3.amazonaws.com/ba2e5526-a3aa-495f-960f-20f3a5f70924?AWSAccessKeyId=AKIAIUQNYZUJLIOKKJ3A&Expires=1799729204&Signature=6F03lHIRQi%2FIV%2Baq62%2FSohMPhnU%3D",5,6,0.454545454545455,0.487309644670051,0.495855312735494,0.476340385636573
161,"2EKQXZ","New Brockton High School","New Brockton","AL","Gamecock","P.O. Box 399","https://cdn2buckets-live-s3dfaaws-1mlao80q0xoqe.s3.amazonaws.com/c80dbbde-f70b-42ac-8996-caee4e50c6cd?AWSAccessKeyId=AKIAIUQNYZUJLIOKKJ3A&Expires=1799729205&Signature=78YtU1yGEhn%2Fqj7HwFyJROj7XtI%3D",5,6,0.454545454545455,0.489051094890511,0.491017964071856,0.475740556047825
162,"9XJKWZ","Brewbaker Tech Magnet High School","Montgomery","AL","Rams","4405 Brewbaker Drive","https://cdn2buckets-live-s3dfaaws-1mlao80q0xoqe.s3.amazonaws.com/2f08b109-3275-4fc9-d993-910ba4c4ee2e?AWSAccessKeyId=AKIAIUQNYZUJLIOKKJ3A&Expires=1799729202&Signature=cz30bUGyJ%2B8%2Bhv8DUnn12c%2FopZA%3D",5,6,0.454545454545455,0.484662576687117,0.494584837545126,0.475096293044954
163,"328W2S","Elkmont High School","Elkmont","AL","Red Devils","25630 Evans Ave.","https://cdn2buckets-live-s3dfaaws-1mlao80q0xoqe.s3.amazonaws.com/71387640-bc85-443e-cace-3a960a7059df?AWSAccessKeyId=AKIAIUQNYZUJLIOKKJ3A&Expires=1799729204&Signature=vbQ4xUsg6C58KqWGbsBFvRdj4Io%3D",7,9,0.4375,0.492647058823529,0.495841995841996,0.471386969548734
164,"SANXCV","Prattville Christian Academy","Prattville","AL","Panthers","322 Old Farm Lane North","https://cdn2buckets-live-s3dfaaws-1mlao80q0xoqe.s3.amazonaws.com/ed7bfcaf-e79e-4eea-bf9e-8b4fee45a449?AWSAccessKeyId=AKIAIUQNYZUJLIOKKJ3A&Expires=1799729205&Signature=BWVCgX%2FXPbR0Mx0K7ZSLHLT6cxw%3D",6,8,0.428571428571429,0.495575221238938,0.493383742911153,0.468225834589988
165,"8S5ZUT","West Limestone High School","Lester","AL","Wildcats","10945 West Schoolhouse Road","https://cdn2buckets-live-s3dfaaws-1mlao80q0xoqe.s3.amazonaws.com/dffdaabc-ca62-4127-c0ae-386d56a9bd5b?AWSAccessKeyId=AKIAIUQNYZUJLIOKKJ3A&Expires=1799729208&Signature=T8ctYko8WhPpqGF0GhqziAvLP%2Fo%3D",6,8,0.428571428571429,0.491150442477876,0.493781094527363,0.466776499927669
166,"E9KKQY","Fairview High School","Cullman","AL","Aggies","841 Welcome Rd","https://cdn2buckets-live-s3dfaaws-1mlao80q0xoqe.s3.amazonaws.com/779bd0e9-8fc9-4743-86a0-19204119c7c1?AWSAccessKeyId=AKIAIUQNYZUJLIOKKJ3A&Expires=1799729205&Signature=Aqq6bHLzJTFljXg6tzxFJSpX4FI%3D",5,7,0.416666666666667,0.496062992125984,0.49597423510467,0.464282272686929
167,"NRYFWM","Dallas County High School","Plantersville","AL","Hornets","335 5th Avenue","https://cdn2buckets-live-s3dfaaws-1mlao80q0xoqe.s3.amazonaws.com/a9840f2c-04d6-4f76-8eea-275a44d59801?AWSAccessKeyId=AKIAIUQNYZUJLIOKKJ3A&Expires=1799729202&Signature=3qmIH9CVnPKKR0PsvFqxwjN2Kuk%3D",5,7,0.416666666666667,0.49438202247191,0.498031496062992,0.464208248547583
168,"EMGFJN","Vina High School","Vina","AL","Red Devils","8250 Highway 23 ","https://cdn2buckets-live-s3dfaaws-1mlao80q0xoqe.s3.amazonaws.com/b620d81a-c52b-4a5f-d42a-8fb565cfabcc?AWSAccessKeyId=AKIAIUQNYZUJLIOKKJ3A&Expires=1799729208&Signature=cdT98%2FST9dYpi9%2ByV0S8IMJ8ZOc%3D",7,10,0.411764705882353,0.490974729241877,0.496365524402908,0.460638418688325
169,"HBDQWR","Pike Road High School","Pike Road","AL","Patriots","696 Georgia Washington Rd","https://cdn2buckets-live-s3dfaaws-1mlao80q0xoqe.s3.amazonaws.com/0e0a7545-2688-4761-f79b-4ecd49cf8026?AWSAccessKeyId=AKIAIUQNYZUJLIOKKJ3A&Expires=1799729205&Signature=Fi3UMlEMVinwPd3np4CIK%2FVObGM%3D",7,10,0.411764705882353,0.485436893203884,0.495238095238095,0.458418318783824
170,"B6VHJK","Columbia High School","Huntsville","AL",NA,"300 Explorer Blvd","https://cdn2buckets-live-s3dfaaws-1mlao80q0xoqe.s3.amazonaws.com/591c338c-05b7-45d4-f981-cfaefe55a669?AWSAccessKeyId=AKIAIUQNYZUJLIOKKJ3A&Expires=1799729202&Signature=nDdzATL9WTDt1pW7UJQ%2BfEnVQpU%3D",6,8,0.4,0.495268138801262,0.498345466578425,0.457930215225048
171,"T6NAXL","Holly Pond High School","Holly Pond","AL","Broncos","160 New Hope Road","https://cdn2buckets-live-s3dfaaws-1mlao80q0xoqe.s3.amazonaws.com/59295408-fbca-460a-a4b5-34c3241c9b44?AWSAccessKeyId=AKIAIUQNYZUJLIOKKJ3A&Expires=1799729205&Signature=lLrA55SrGRhar04bf4YkValIYw4%3D",6,9,0.4,0.495268138801262,0.496516782773908,0.457473044273919
172,"ZGBGHG","Sipsey Valley High School","Buhl","AL","Bears","15815 Romulus Road","https://cdn2buckets-live-s3dfaaws-1mlao80q0xoqe.s3.amazonaws.com/8da3025a-9b6c-468a-b39a-a254a0e649d3?AWSAccessKeyId=AKIAIUQNYZUJLIOKKJ3A&Expires=1799729207&Signature=w0CYKNEK%2FVLE8%2BuzD5vU0STy7oc%3D",4,6,0.4,0.493975903614458,0.498217468805704,0.457445933466486
173,"4W9JMN","Decatur Heritage Christian Academy","Decatur","AL","Eagles","3802 Spring Ave","https://cdn2buckets-live-s3dfaaws-1mlao80q0xoqe.s3.amazonaws.com/2d648f93-5324-42aa-d6de-632bd9d99d78?AWSAccessKeyId=AKIAIUQNYZUJLIOKKJ3A&Expires=1799729202&Signature=TcZKTMPzVsXBOZUzg6F0RKp7SAk%3D",4,6,0.4,0.49468085106383,0.49646017699115,0.457253342120128
174,"VCBW4Y","Headland High School","Headland","AL","Ram","8 Sporman Street","https://cdn2buckets-live-s3dfaaws-1mlao80q0xoqe.s3.amazonaws.com/abd3e160-0724-4700-a6ac-21a9d2b9c464?AWSAccessKeyId=AKIAIUQNYZUJLIOKKJ3A&Expires=1799729205&Signature=6nEK5Qdq84A%2FfGA7pUqyr49%2FCbU%3D",5,7,0.416666666666667,0.477011494252874,0.493103448275862,0.456896551724138
175,"PYPWLJ","Baker High School","Mobile","AL","Hornet","8901 Airport Blvd.","https://cdn2buckets-live-s3dfaaws-1mlao80q0xoqe.s3.amazonaws.com/8db55ac1-e1c6-461c-b7a2-ee364da1d37f?AWSAccessKeyId=AKIAIUQNYZUJLIOKKJ3A&Expires=1799729202&Signature=UScFEF9FR8jeRA81O6Ege0L%2FHZk%3D",6,9,0.4,0.491582491582492,0.496688741721854,0.456226057484336
176,"NH64YJ","Pelham High School","Pelham","AL","Panthers","2500 Panther Circle","https://cdn2buckets-live-s3dfaaws-1mlao80q0xoqe.s3.amazonaws.com/d2b417b0-5626-4128-c0f2-dbe72be55a62?AWSAccessKeyId=AKIAIUQNYZUJLIOKKJ3A&Expires=1799729205&Signature=qgyn1EcuyGPFGvesV82p0BMdRn0%3D",4,6,0.4,0.492063492063492,0.495989304812834,0.456219548425431
177,"72XR4G","St. John Paul II Catholic High School","Huntsville","AL","Falcons","7301 Old Madison Pike","https://cdn2buckets-live-s3dfaaws-1mlao80q0xoqe.s3.amazonaws.com/17fb9205-b1e5-4009-d644-beb47867e00b?AWSAccessKeyId=AKIAIUQNYZUJLIOKKJ3A&Expires=1799729208&Signature=0w%2F4XgiKk6XGKsszzBnNKMjeSek%3D",4,6,0.4,0.491452991452991,0.49510603588907,0.455785055980815
178,"A3GUCH","Woodland High School","Woodland","AL","Bobcats","24574 AL HWY 48","https://cdn2buckets-live-s3dfaaws-1mlao80q0xoqe.s3.amazonaws.com/eba827d9-423b-41ef-8046-5e2e25392fd8?AWSAccessKeyId=AKIAIUQNYZUJLIOKKJ3A&Expires=1799729208&Signature=luxK9NjjUTbQjBiLDxauU7FG9Mc%3D",4,6,0.4,0.490566037735849,0.494915254237288,0.455426926766869
179,"C3PH8X","Opp High School","Opp","AL","Bobcats","502 N. Maloy Street","https://cdn2buckets-live-s3dfaaws-1mlao80q0xoqe.s3.amazonaws.com/5758646e-417f-4af2-b3e0-21ca9adc1a92?AWSAccessKeyId=AKIAIUQNYZUJLIOKKJ3A&Expires=1799729205&Signature=UYP%2BuraFQvN4IN3Qtx1Fg4UkKdI%3D",4,6,0.4,0.492957746478873,0.488317757009346,0.454614650519942
180,"TSWE3S","Davidson High School","Mobile","AL","Warrior","3900 Pleasant Valley Road","https://cdn2buckets-live-s3dfaaws-1mlao80q0xoqe.s3.amazonaws.com/0808b911-5aea-488c-a72f-b0010dad5855?AWSAccessKeyId=AKIAIUQNYZUJLIOKKJ3A&Expires=1799729202&Signature=fi64D%2BQiHy0yTFay9A5Azs9%2BRqA%3D",6,9,0.4,0.487562189054726,0.495784148397976,0.454592803268648
181,"VJ66N9","Rehobeth High School","Dothan","AL","Rebels","373 Malvern Road","https://cdn2buckets-live-s3dfaaws-1mlao80q0xoqe.s3.amazonaws.com/370ac070-7c95-4ce7-b418-53aba6d04f66?AWSAccessKeyId=AKIAIUQNYZUJLIOKKJ3A&Expires=1799729206&Signature=aTx5XVeuTQ6H8fWdM4mnfNOTiJQ%3D",7,9,0.388888888888889,0.491329479768786,0.495945945945946,0.451507359961117
182,"67G4EP","John Carroll Catholic High School","Birmingham","AL","Cavalier","300 Lakeshore Parkway","https://cdn2buckets-live-s3dfaaws-1mlao80q0xoqe.s3.amazonaws.com/567b6f2d-44cc-49bd-9d41-1f825ccb345e?AWSAccessKeyId=AKIAIUQNYZUJLIOKKJ3A&Expires=1799729205&Signature=CImsAUhJfu2tyt3DFaTbIsnyqGw%3D",5,8,0.384615384615385,0.49469964664311,0.496350364963504,0.451078621412118
183,"XAAP39","Bayside Academy","Daphne","AL","Admirals","303 Dryer Av","https://cdn2buckets-live-s3dfaaws-1mlao80q0xoqe.s3.amazonaws.com/a9a7767e-5362-45cf-db42-4b859d00d2c5?AWSAccessKeyId=AKIAIUQNYZUJLIOKKJ3A&Expires=1799729202&Signature=MNXQFf8J8deVKDp4yOm4CvD9cUY%3D",5,8,0.384615384615385,0.49438202247191,0.495060373216246,0.450644955015384
184,"29UCN2","Lindsay Lane Christian Academy","Athens","AL","Lions","705 W Sanderfer Rd","https://cdn2buckets-live-s3dfaaws-1mlao80q0xoqe.s3.amazonaws.com/ef02baf7-d428-48a0-fd0e-d148da6f0866?AWSAccessKeyId=AKIAIUQNYZUJLIOKKJ3A&Expires=1799729205&Signature=yIcyUKu9cNEE05jG3t0lYAJEVRI%3D",5,8,0.384615384615385,0.493150684931507,0.495124593716143,0.450230042001217
185,"HF4UPN","Selma High School","Selma","AL","Saints","2180 Broad Street","https://cdn2buckets-live-s3dfaaws-1mlao80q0xoqe.s3.amazonaws.com/7b17809f-17cc-4477-b571-040a5126bf30?AWSAccessKeyId=AKIAIUQNYZUJLIOKKJ3A&Expires=1799729207&Signature=KZv%2B%2FjkTyARwbXcgNKbVBfJ6E5Y%3D",5,8,0.384615384615385,0.49034749034749,0.496602841260037,0.449618485782785
186,"K4N8VV","Phillips High School","Bear Creek","AL","Bears",NA,"https://cdn2buckets-live-s3dfaaws-1mlao80q0xoqe.s3.amazonaws.com/e1de4f8f-5597-4c02-a20d-5f381e03e9f1?AWSAccessKeyId=AKIAIUQNYZUJLIOKKJ3A&Expires=1799729205&Signature=%2FNbFXQ%2FLQxRXAxBbkFmG1Wqrjx4%3D",6,9,0.375,0.492753623188406,0.496894409937888,0.446687370600414
187,"98NGSJ","Florence High School","Florence","AL","Falcon","1201 Bradshaw Drive","https://cdn2buckets-live-s3dfaaws-1mlao80q0xoqe.s3.amazonaws.com/ac4271cc-18de-4211-f32f-6e4f4776ab04?AWSAccessKeyId=AKIAIUQNYZUJLIOKKJ3A&Expires=1799729205&Signature=KvHK4fZQ7WX2kDfgisYWCkjALe0%3D",6,10,0.375,0.490909090909091,0.496926229508197,0.446049739195231
188,"3SVM9D","Brindlee Mountain High School","Guntersville","AL","Lions","994 Scant City Rd.","https://cdn2buckets-live-s3dfaaws-1mlao80q0xoqe.s3.amazonaws.com/901c0b6c-ee96-49f9-886f-f629ed2d42e7?AWSAccessKeyId=AKIAIUQNYZUJLIOKKJ3A&Expires=1799729202&Signature=K%2FzPLQBlRaEPgXVCiIWICvCuI8c%3D",4,7,0.363636363636364,0.492682926829268,0.496637848222863,0.442053031900505
189,"7PCA46","Oakwood Adventist Academy","Huntsville","AL","Mustangs","7000 ADVENTIST BLVD NW","https://cdn2buckets-live-s3dfaaws-1mlao80q0xoqe.s3.amazonaws.com/f9af6798-8737-4925-b2d0-0d7eea6529bb?AWSAccessKeyId=AKIAIUQNYZUJLIOKKJ3A&Expires=1799729205&Signature=3iAnp3IIpx5v3YrJA9HsLr7hwFY%3D",4,7,0.363636363636364,0.488372093023256,0.496654275092937,0.440548346785919
190,"43RWTF","Madison Academy","Madison","AL","Mustang","325 Slaughter Road","https://cdn2buckets-live-s3dfaaws-1mlao80q0xoqe.s3.amazonaws.com/37479f3a-6157-4509-ea44-b67c6c3442ef?AWSAccessKeyId=AKIAIUQNYZUJLIOKKJ3A&Expires=1799729205&Signature=rb2qdCL4mJCJxxjavkFKXEo8plY%3D",4,7,0.363636363636364,0.487889273356401,0.495101241018942,0.439991101384021
191,"8V3GX2","Arab High School","Arab","AL",NA,"511 Arabian Drive","https://cdn2buckets-live-s3dfaaws-1mlao80q0xoqe.s3.amazonaws.com/e9976b93-79ba-490f-f417-77463aa44958?AWSAccessKeyId=AKIAIUQNYZUJLIOKKJ3A&Expires=1799729202&Signature=S%2B9O3pqhVQ1s7dziUSIS8%2FLu9DA%3D",5,9,0.357142857142857,0.494117647058824,0.495316159250585,0.439627359140377
192,"YZZW3Z","Choctaw County High School","Butler","AL","Tigers","277 Tom Orr Drive","https://cdn2buckets-live-s3dfaaws-1mlao80q0xoqe.s3.amazonaws.com/ef659e5a-ca68-44d0-cbb3-875e0023dcc8?AWSAccessKeyId=AKIAIUQNYZUJLIOKKJ3A&Expires=1799729202&Signature=4U0PAC7jdtXNcZ6V8Am8cZjkjBY%3D",4,7,0.363636363636364,0.481927710843373,0.49185667752443,0.437093413630834
193,"TPPH4T","Montevallo High School","Montevallo","AL","Bulldogs","980 Oak Street","https://cdn2buckets-live-s3dfaaws-1mlao80q0xoqe.s3.amazonaws.com/af65e46e-d5f0-479a-96bb-e9d0f0142615?AWSAccessKeyId=AKIAIUQNYZUJLIOKKJ3A&Expires=1799729205&Signature=VpZ6yP9W4yL9w05QJS8RGRpClIg%3D",6,11,0.352941176470588,0.490421455938697,0.496649292628444,0.43698630332389
194,"P55DLG","Saks High School","Anniston","AL","Wildcat","4401 Saks Rd","https://cdn2buckets-live-s3dfaaws-1mlao80q0xoqe.s3.amazonaws.com/de64a201-f8da-420b-a048-db75406c8d3b?AWSAccessKeyId=AKIAIUQNYZUJLIOKKJ3A&Expires=1799729206&Signature=5CnpTWn%2FQwAKL4WQgeqqldqf55Y%3D",6,11,0.352941176470588,0.489626556016597,0.494797687861272,0.436245187159362
195,"45QMK2","Providence Christian School","Dothan","AL","Eagle","4847 Murphy Mill Road","https://cdn2buckets-live-s3dfaaws-1mlao80q0xoqe.s3.amazonaws.com/07d059ab-f9f8-43ad-e32d-7fb7e6b23393?AWSAccessKeyId=AKIAIUQNYZUJLIOKKJ3A&Expires=1799729206&Signature=3d5yHxBbnDrRjQY4J71f%2FiQBoFE%3D",5,9,0.357142857142857,0.476635514018692,0.496153846153846,0.433718034302147
196,"3W26DU","Westminster School At Oak Mountain","Birmingham","AL","Knights","5080 Cahaba Valley Trace","https://cdn2buckets-live-s3dfaaws-1mlao80q0xoqe.s3.amazonaws.com/ca5d014b-d56f-4bb5-e463-10b670bf1812?AWSAccessKeyId=AKIAIUQNYZUJLIOKKJ3A&Expires=1799729208&Signature=LYbB8WG1VMSgMAS%2BfWRge0UwGt4%3D",5,10,0.333333333333333,0.489082969432314,0.496240601503759,0.428572523010583
197,"FUX6KR","Hillcrest High School, Tuscaloosa","Tuscaloosa","AL","Patriots","300 Patriot Parkway ","https://cdn2buckets-live-s3dfaaws-1mlao80q0xoqe.s3.amazonaws.com/9b05794a-329d-4111-c4e5-0a73cbb530f0?AWSAccessKeyId=AKIAIUQNYZUJLIOKKJ3A&Expires=1799729205&Signature=qcHQ89PgmswF21wTvsDQ44vgqtU%3D",4,8,0.333333333333333,0.489130434782609,0.495358090185676,0.428368508053665
198,"WTFF6B","Lawrence County High School","Moulton","AL","Red Devil","102 College Street","https://cdn2buckets-live-s3dfaaws-1mlao80q0xoqe.s3.amazonaws.com/edc2fa61-6a9a-4861-8d47-3fd0a453d2c7?AWSAccessKeyId=AKIAIUQNYZUJLIOKKJ3A&Expires=1799729205&Signature=jUI4%2F9xeHlfAkJSSw51RgQ0NqY4%3D",4,8,0.333333333333333,0.487603305785124,0.496,0.427994490358127
199,"JYY8CN","Talladega High School","Talladega","AL","Tiger","1177 McMillan Street","https://cdn2buckets-live-s3dfaaws-1mlao80q0xoqe.s3.amazonaws.com/bd1acf6b-adbc-467c-d76a-f8f6cd988564?AWSAccessKeyId=AKIAIUQNYZUJLIOKKJ3A&Expires=1799729208&Signature=Iy3zAU1Y0Maojf7sZzYeT%2BFlYFo%3D",4,8,0.333333333333333,0.485714285714286,0.496044303797468,0.4273444092827
200,"KKYA5X","Opelika High School","Opelika","AL","Bulldogs","1700 Lafayette Parkway","https://cdn2buckets-live-s3dfaaws-1mlao80q0xoqe.s3.amazonaws.com/ae317f89-d138-456a-c2c8-672eb8fdcb9b?AWSAccessKeyId=AKIAIUQNYZUJLIOKKJ3A&Expires=1799729205&Signature=GlGnRzMl8ekq%2BQP3fxkRRBab1Kg%3D",6,11,0.352941176470588,0.464516129032258,0.490820073439412,0.426462134109379
201,"TB8SG3","Colbert Heights High School","Tuscumbia","AL",NA,"6825 Woodmont Dr.","https://cdn2buckets-live-s3dfaaws-1mlao80q0xoqe.s3.amazonaws.com/7af3a392-c917-40e5-f686-43d3e0760fac?AWSAccessKeyId=AKIAIUQNYZUJLIOKKJ3A&Expires=1799729202&Signature=epQrVVCEH%2B1X54zt%2FNo2gsTW9pE%3D",5,10,0.333333333333333,0.484162895927602,0.493598862019915,0.426190062412973
202,"3VGVSE","Tharptown High School","Russellville","AL","Wildcats","255 Highway 80","https://cdn2buckets-live-s3dfaaws-1mlao80q0xoqe.s3.amazonaws.com/4322a3a6-7d15-44dc-a940-4911a764ce6f?AWSAccessKeyId=AKIAIUQNYZUJLIOKKJ3A&Expires=1799729208&Signature=v0DK2YlstA3cPvuhqosaMNoMngM%3D",4,8,0.333333333333333,0.480582524271845,0.494269340974212,0.425104552072032
203,"V65K88","Beulah High School","Valley","AL","Bobcat","4848 Lee Road 270","https://cdn2buckets-live-s3dfaaws-1mlao80q0xoqe.s3.amazonaws.com/e60101d8-76f1-451a-af02-fabd65942aae?AWSAccessKeyId=AKIAIUQNYZUJLIOKKJ3A&Expires=1799729202&Signature=9Q5iuVBps3pk05%2B20hGHBd7Xz24%3D",4,8,0.333333333333333,0.474576271186441,0.493421052631579,0.422790291406482
204,"TN7H7X","Orange Beach High School ","Orange Beach","AL","Makos","23908 Canal Rd.","https://cdn2buckets-live-s3dfaaws-1mlao80q0xoqe.s3.amazonaws.com/9f68339f-c2ee-4c34-d7cd-49c5d58a63ef?AWSAccessKeyId=AKIAIUQNYZUJLIOKKJ3A&Expires=1799729205&Signature=xpo3A5WfQ6NfTB6hfV%2FckztT3fo%3D",6,13,0.315789473684211,0.488063660477454,0.49438202247191,0.420733576258771
205,"7J4W5V","McAdory High School","Mccalla","AL","Yellow Jackets","4800 McAdory School Road","https://cdn2buckets-live-s3dfaaws-1mlao80q0xoqe.s3.amazonaws.com/1eba55b7-6e3e-4f1c-a1c5-3bcf14aa41b4?AWSAccessKeyId=AKIAIUQNYZUJLIOKKJ3A&Expires=1799729205&Signature=7jFCZpKX6vrxyslHPENbL5tx1Ko%3D",4,9,0.307692307692308,0.491166077738516,0.494802494802495,0.418685673986027
206,"WKAEPX","A.P. Brewer High School","Somerville","AL","Patriots","59 Eva Road","https://cdn2buckets-live-s3dfaaws-1mlao80q0xoqe.s3.amazonaws.com/24d1db79-3496-45b2-fa8b-998e16b9f179?AWSAccessKeyId=AKIAIUQNYZUJLIOKKJ3A&Expires=1799729202&Signature=xfbhl%2F8A9DWQvpmngSIcblAVHzU%3D",4,9,0.307692307692308,0.486486486486487,0.496320523303352,0.417427324173032
207,"F9G74Q","Spanish Fort High School","Spanish Fort","AL","Toros","1 Plaza De Toros","https://cdn2buckets-live-s3dfaaws-1mlao80q0xoqe.s3.amazonaws.com/4bfc1e35-6891-498b-dfc5-a22433c49749?AWSAccessKeyId=AKIAIUQNYZUJLIOKKJ3A&Expires=1799729208&Signature=x3ogtyusjnGc1J8JAhNIzroc%2F7Q%3D",4,9,0.307692307692308,0.484978540772532,0.494720965309201,0.41649965367461
208,"8RFRZX","Holtville High School","Deatsville","AL","Bulldog","10425 Holtville Road","https://cdn2buckets-live-s3dfaaws-1mlao80q0xoqe.s3.amazonaws.com/bbce9ff5-9441-41e5-e936-5b00455354fa?AWSAccessKeyId=AKIAIUQNYZUJLIOKKJ3A&Expires=1799729205&Signature=qvYAQ3lMQKbcrh7Hb89Wrnjge2U%3D",3,7,0.3,0.486301369863014,0.495901639344262,0.41418088928812
209,"68B34C","Smiths Station High School","Smiths Station","AL","Panthers","4228 Panther Parkway","https://cdn2buckets-live-s3dfaaws-1mlao80q0xoqe.s3.amazonaws.com/f27792c8-2ee3-4036-a86f-926c21329e9c?AWSAccessKeyId=AKIAIUQNYZUJLIOKKJ3A&Expires=1799729207&Signature=EVjLypsEdien%2Bh5XyTIQMChvczI%3D",3,7,0.3,0.486486486486487,0.490813648293963,0.412973682343761
210,"XD9FVZ","Washington County High School","Chatom","AL","Bulldogs","21 School Rd ","https://cdn2buckets-live-s3dfaaws-1mlao80q0xoqe.s3.amazonaws.com/da302b97-3ed9-4581-cca4-c364258616fa?AWSAccessKeyId=AKIAIUQNYZUJLIOKKJ3A&Expires=1799729208&Signature=IZlvA%2FhQHUobWJH%2BC8astzYR0Xg%3D",3,7,0.3,0.477272727272727,0.48993288590604,0.409528676021965
211,"1L8YCV","Hanceville High School","Hanceville","AL","Bulldog","801 Commercial ST","https://cdn2buckets-live-s3dfaaws-1mlao80q0xoqe.s3.amazonaws.com/db2bf0d0-fe43-43ed-dbd2-3a7b7d818b2b?AWSAccessKeyId=AKIAIUQNYZUJLIOKKJ3A&Expires=1799729205&Signature=etAtdDqdEyf0pD4ZG9OBG1vFlOY%3D",4,10,0.285714285714286,0.488372093023256,0.496468926553672,0.409333178482272
212,"VLCC25","Geraldine High School","Geraldine","AL","Bulldogs","13011 AL Hwy 227","https://cdn2buckets-live-s3dfaaws-1mlao80q0xoqe.s3.amazonaws.com/6f381591-3ce1-4d06-d345-f8f6fc2c87e2?AWSAccessKeyId=AKIAIUQNYZUJLIOKKJ3A&Expires=1799729205&Signature=ZI37caGSce5DUQObgaO6nq78KgY%3D",4,10,0.285714285714286,0.487603305785124,0.495941558441558,0.408932260920897
213,"FMWUYX","Huffman High School-Magnet","Birmingham","AL","Vikings","950 Springville Road","https://cdn2buckets-live-s3dfaaws-1mlao80q0xoqe.s3.amazonaws.com/2f4b392d-be23-4041-ba99-4e3c9bc81997?AWSAccessKeyId=AKIAIUQNYZUJLIOKKJ3A&Expires=1799729205&Signature=2BjhLfK7g8isytBDDDLyllUVT7Q%3D",5,12,0.294117647058824,0.479087452471483,0.493723849372385,0.408758629531645
214,"REM93W","B.C. Rain High School","Mobile","AL","Red Raiders","3125 Dauphin Island Parkway","https://cdn2buckets-live-s3dfaaws-1mlao80q0xoqe.s3.amazonaws.com/4fbe9de7-e714-4785-871e-b9e95c5c5a9e?AWSAccessKeyId=AKIAIUQNYZUJLIOKKJ3A&Expires=1799729202&Signature=vuQgATkK7dIWRPXqB4faxq4lciA%3D",3,8,0.272727272727273,0.486033519553073,0.494623655913978,0.402858554912979
215,"A84FFU","Goshen High School","Goshen","AL","Eagles","286 Eagle Circle | P.O. Box 7","https://cdn2buckets-live-s3dfaaws-1mlao80q0xoqe.s3.amazonaws.com/60f14789-729a-4d73-b050-1a18f20b9705?AWSAccessKeyId=AKIAIUQNYZUJLIOKKJ3A&Expires=1799729205&Signature=vd8mxmzfeKtmfvd1rfUXRTGVc0s%3D",3,8,0.272727272727273,0.481481481481481,0.493069306930693,0.400876754342101
216,"469AE7","Elmore County High School","Eclectic","AL","Panthers","155 North College Ave","https://cdn2buckets-live-s3dfaaws-1mlao80q0xoqe.s3.amazonaws.com/6243b7a8-835a-4f43-eb19-8c2746d5cc1e?AWSAccessKeyId=AKIAIUQNYZUJLIOKKJ3A&Expires=1799729204&Signature=%2FTsVvHB8JVPrpvC7Dqn%2FG8mntKA%3D",3,8,0.272727272727273,0.472868217054264,0.495662949194548,0.398510522358538
217,"GYN3NW","Percy Julian High School","Montgomery","AL","Phoenix","225 Ann Street","https://cdn2buckets-live-s3dfaaws-1mlao80q0xoqe.s3.amazonaws.com/863428db-0f29-4847-c97d-d7cd497417bf?AWSAccessKeyId=AKIAIUQNYZUJLIOKKJ3A&Expires=1799729205&Signature=MKelV9oos4%2BYYdzE6zLqn0uFiMM%3D",4,11,0.266666666666667,0.479452054794521,0.495221546481321,0.398280272465079
218,"YBVVGE","Helena High School","Helena","AL","Huskies","1310 Hillsboro Pkwy","https://cdn2buckets-live-s3dfaaws-1mlao80q0xoqe.s3.amazonaws.com/9ea16b9e-e502-4015-9533-50716d450b71?AWSAccessKeyId=AKIAIUQNYZUJLIOKKJ3A&Expires=1799729205&Signature=Qi%2Bn4cva9IH0lDnXUR%2BREz11Ed4%3D",4,12,0.25,0.489528795811518,0.494407158836689,0.394936868243204
219,"QB8EEJ","Ellwood Christian Academy","Selma","AL","Eagles","1 Bell Road","https://cdn2buckets-live-s3dfaaws-1mlao80q0xoqe.s3.amazonaws.com/1f4cacd0-b9c9-4123-9e17-37ae27a0bd84?AWSAccessKeyId=AKIAIUQNYZUJLIOKKJ3A&Expires=1799729204&Signature=ChJsTiRQe%2Ffmru3ObIPiIeyusQw%3D",3,9,0.25,0.482954545454545,0.496173469387755,0.39307745825603
220,"EJWAY5","Handley High School","Roanoke","AL","Tigers","100 Tiger Circle","https://cdn2buckets-live-s3dfaaws-1mlao80q0xoqe.s3.amazonaws.com/3b6f5dc4-06aa-4d0d-e888-70c55eac61e8?AWSAccessKeyId=AKIAIUQNYZUJLIOKKJ3A&Expires=1799729205&Signature=GbX9aTpFdzrg946IiWbKb%2BWKink%3D",3,9,0.25,0.479381443298969,0.492081447963801,0.390803867145589
221,"GTYVU2","Douglas High School","Douglas","AL","Eagles","P.O. Box 300","https://cdn2buckets-live-s3dfaaws-1mlao80q0xoqe.s3.amazonaws.com/b4e7724c-f9f7-43c4-f4f2-7ff3a9ef2bac?AWSAccessKeyId=AKIAIUQNYZUJLIOKKJ3A&Expires=1799729203&Signature=4TKG5zoRy8dYX%2BlxlKn8UbdL33U%3D",4,13,0.235294117647059,0.482866043613707,0.494468085106383,0.386737783600217
222,"97LVA2","Shoals Christian School","Florence","AL","Flame","301 Heathrow Drive","https://cdn2buckets-live-s3dfaaws-1mlao80q0xoqe.s3.amazonaws.com/ea7365c4-09b9-43b8-e450-85f07499c5d0?AWSAccessKeyId=AKIAIUQNYZUJLIOKKJ3A&Expires=1799729207&Signature=NyESIGIz5DnjG2BgBRb9JhCW7XU%3D",3,10,0.230769230769231,0.480851063829787,0.492577597840756,0.383749964108307
223,"N3PQKJ","St. Clair County High School","Odenville","AL","Saints","16700 Hwy 411N","https://cdn2buckets-live-s3dfaaws-1mlao80q0xoqe.s3.amazonaws.com/f6272871-0c98-4c78-99ae-323d0491cae1?AWSAccessKeyId=AKIAIUQNYZUJLIOKKJ3A&Expires=1799729208&Signature=xw4MIEKFDnbUgd91Fiy2UQoKxVY%3D",3,11,0.214285714285714,0.484848484848485,0.495426829268293,0.379267962728329
224,"7JMBFE","Center Point High School","Center Point","AL","Eagles","1000 Eagle Drive","https://cdn2buckets-live-s3dfaaws-1mlao80q0xoqe.s3.amazonaws.com/6e5e91ef-0b6b-4286-85e5-ee6ef9156e38?AWSAccessKeyId=AKIAIUQNYZUJLIOKKJ3A&Expires=1799729202&Signature=WetHQ5G%2FQ%2FlABCgd5OUAkride5k%3D",2,8,0.2,0.485294117647059,0.496087636932707,0.373874850409647
225,"LK9MLN","Corner High School","Dora","AL","Yellow Jackets","4301 Warrior Jasper Rd","https://cdn2buckets-live-s3dfaaws-1mlao80q0xoqe.s3.amazonaws.com/99a66be0-16fa-4fb4-f747-1d4652349e90?AWSAccessKeyId=AKIAIUQNYZUJLIOKKJ3A&Expires=1799729202&Signature=DlmT7iH7pawEiBcdqPx95W9sNdA%3D",2,8,0.2,0.485436893203884,0.493955094991364,0.3733916863692
226,"5D5D4E","Cordova High School","Cordova","AL","Devil","183 School Road","https://cdn2buckets-live-s3dfaaws-1mlao80q0xoqe.s3.amazonaws.com/e833608c-84e0-4114-c597-7e86e20091d1?AWSAccessKeyId=AKIAIUQNYZUJLIOKKJ3A&Expires=1799729202&Signature=3GCoiGkdmTRxiYAG6IRTIlFP1T0%3D",2,8,0.2,0.480769230769231,0.494908350305499,0.371996318345606
227,"FF1BKX","Westminster Christian Academy","Huntsville","AL","Wildcats","PO Box 5287","https://cdn2buckets-live-s3dfaaws-1mlao80q0xoqe.s3.amazonaws.com/15f286d7-d4c4-43d1-f32f-8bc863da5225?AWSAccessKeyId=AKIAIUQNYZUJLIOKKJ3A&Expires=1799729208&Signature=dJ76J3VMNH3njUeazgrcLDpGxjU%3D",2,8,0.2,0.478260869565217,0.493282149712092,0.370711841775849
228,"4QAWD9","Tanner High School","Tanner","AL","Rattlers","12060 Sommers Rd","https://cdn2buckets-live-s3dfaaws-1mlao80q0xoqe.s3.amazonaws.com/392e2e36-b3bf-4643-e9e0-60bad6b9b80b?AWSAccessKeyId=AKIAIUQNYZUJLIOKKJ3A&Expires=1799729208&Signature=%2FLW9lGYiUv%2BmK10j1x7yRE%2Bfi78%3D",2,9,0.181818181818182,0.48471615720524,0.492801771871539,0.365578370716992
229,"ARKSRQ","Baldwin County High School","Bay Minette","AL",NA,"1 Tiger Dr","https://cdn2buckets-live-s3dfaaws-1mlao80q0xoqe.s3.amazonaws.com/9a85678f-ec64-4b2c-87d2-0632a75d6c6e?AWSAccessKeyId=AKIAIUQNYZUJLIOKKJ3A&Expires=1799729202&Signature=3p2gX2ZHJmQT5DkqsaUrZn2Ky8k%3D",3,13,0.1875,0.478102189781022,0.491951710261569,0.36532369398875
230,"VCQVN3","Wilcox Central High School","Camden","AL","Jaguars","1310 T. L.  Threadgill Rd.","https://cdn2buckets-live-s3dfaaws-1mlao80q0xoqe.s3.amazonaws.com/79cb1b6a-583f-49bd-cd19-af528b366899?AWSAccessKeyId=AKIAIUQNYZUJLIOKKJ3A&Expires=1799729208&Signature=iXscdJX2nvPQsKxfXQZfVqHfp%2Bc%3D",3,13,0.1875,0.471910112359551,0.491847826086957,0.363130495847582
231,"2M7V72","Grissom High School","Huntsville","AL","Tigers","1001 Haysland Road","https://cdn2buckets-live-s3dfaaws-1mlao80q0xoqe.s3.amazonaws.com/034d96f5-327a-4534-fd59-ebd45bd6b77c?AWSAccessKeyId=AKIAIUQNYZUJLIOKKJ3A&Expires=1799729205&Signature=34BtF9BwVnkPYtVkTh4ManEvSCM%3D",3,14,0.176470588235294,0.48169014084507,0.494486360998259,0.362801374839457
232,"HTAWDT","Tuscaloosa County High School","Northport","AL","Wildcat","12500 Wildcat Drive","https://cdn2buckets-live-s3dfaaws-1mlao80q0xoqe.s3.amazonaws.com/3d6f2416-34cd-4e1d-b200-c7432a9c9290?AWSAccessKeyId=AKIAIUQNYZUJLIOKKJ3A&Expires=1799729208&Signature=IEPgbmK%2BvAQTJ5OJuvQDshPgF9I%3D",2,10,0.166666666666667,0.483333333333333,0.494372990353698,0.359426580921758
233,"PHUXRK","Woodville High School","Woodville","AL","Panthers","290 Co. Rd. 63","https://cdn2buckets-live-s3dfaaws-1mlao80q0xoqe.s3.amazonaws.com/d9c11198-ad12-49e4-c549-d7fd371d4694?AWSAccessKeyId=AKIAIUQNYZUJLIOKKJ3A&Expires=1799729208&Signature=YD1rtSIDGwz8x0sg%2FfMo4oUR978%3D",2,10,0.166666666666667,0.480952380952381,0.494087837837838,0.358521959459459
234,"6DL2UA","Covenant Christian School","Tuscumbia","AL","Eagle","1900 Covenant Drive","https://cdn2buckets-live-s3dfaaws-1mlao80q0xoqe.s3.amazonaws.com/96b755b3-a65f-446a-cbcb-00485738a52d?AWSAccessKeyId=AKIAIUQNYZUJLIOKKJ3A&Expires=1799729202&Signature=oxYwOocOPNtJYXOflsy%2F7Ux%2FiCM%3D",2,10,0.166666666666667,0.478448275862069,0.492877492877493,0.357342936437764
235,"NCHWT2","Madison County High School","Gurley","AL",NA,"174 Brock Road ","https://cdn2buckets-live-s3dfaaws-1mlao80q0xoqe.s3.amazonaws.com/7c6f2039-4a79-4222-ac87-0a1854c328d7?AWSAccessKeyId=AKIAIUQNYZUJLIOKKJ3A&Expires=1799729205&Signature=dUaoXN648d%2B3kftUqoJ34OIufuU%3D",2,12,0.133333333333333,0.47940074906367,0.493150684931507,0.344411266738495
236,"7MVGCG","Gaston High School","Gadsden","AL",NA,"4550 US Highway 411","https://cdn2buckets-live-s3dfaaws-1mlao80q0xoqe.s3.amazonaws.com/c3a64be7-39a0-4422-e2f6-f181c5c98443?AWSAccessKeyId=AKIAIUQNYZUJLIOKKJ3A&Expires=1799729205&Signature=KiFQvOvBYFRFFp4rTg6ALWnc56o%3D",2,13,0.133333333333333,0.477551020408163,0.493062966915688,0.343741932205113
237,"MA9S7G","Gadsden City High School","Gadsden","AL","Clash","1917 Black Creek Parkway","https://cdn2buckets-live-s3dfaaws-1mlao80q0xoqe.s3.amazonaws.com/6514d5b5-25d6-44bf-b122-3a2f50e8069e?AWSAccessKeyId=AKIAIUQNYZUJLIOKKJ3A&Expires=1799729205&Signature=Vt6UaGVtXZ8P1gIXMQAFnCPIZn8%3D",2,16,0.111111111111111,0.480874316939891,0.49171270718232,0.335678632168986
238,"MY9T33","Cottage Hill Christian Academy","Mobile","AL","Warriors","7355 Creekwood Dr","https://cdn2buckets-live-s3dfaaws-1mlao80q0xoqe.s3.amazonaws.com/8f23018d-070f-49f0-97f3-bff753f9e24f?AWSAccessKeyId=AKIAIUQNYZUJLIOKKJ3A&Expires=1799729202&Signature=1JYJ8GamXRu6XgbS1YhdAG5zacw%3D",1,9,0.1,0.480769230769231,0.491139240506329,0.331054040895813
239,"75BRL7","Leeds High School","Leeds","AL","Greenwave","1500 Greenwave Drive","https://cdn2buckets-live-s3dfaaws-1mlao80q0xoqe.s3.amazonaws.com/5ec0ffcc-8b1e-4a7e-f522-dd17462729bc?AWSAccessKeyId=AKIAIUQNYZUJLIOKKJ3A&Expires=1799729205&Signature=N5VkLDJK9%2F%2BrGkEtW395K1DRoJk%3D",1,9,0.1,0.475728155339806,0.495245641838352,0.33031626482852
240,"JBSNBN","Lee High School","Huntsville","AL","Generals","2500 Meridian Street","https://cdn2buckets-live-s3dfaaws-1mlao80q0xoqe.s3.amazonaws.com/38a0cde0-4f55-4d8a-f2bd-51f6b13029ae?AWSAccessKeyId=AKIAIUQNYZUJLIOKKJ3A&Expires=1799729205&Signature=7Ys6tJU2a0uWXox6hw3RvSCkhNI%3D",1,10,0.0909090909090909,0.479553903345725,0.494610019023462,0.327860007290506
241,"W5EU77","Crossville High School","Crossville","AL","Lions","5405 County Road 28","https://cdn2buckets-live-s3dfaaws-1mlao80q0xoqe.s3.amazonaws.com/7fbf774c-4ded-42af-894c-09520d252bb8?AWSAccessKeyId=AKIAIUQNYZUJLIOKKJ3A&Expires=1799729202&Signature=AkVNfAruE25bgtqai1IvbwiLQPI%3D",1,10,0.0909090909090909,0.478672985781991,0.493608652900688,0.327301344612505
242,"Z3LDG5","Hueytown High School","Hueytown","AL","Gopher","4881 15th Street Road","https://cdn2buckets-live-s3dfaaws-1mlao80q0xoqe.s3.amazonaws.com/b2a90998-e358-4be1-eeab-269da8c1b9f7?AWSAccessKeyId=AKIAIUQNYZUJLIOKKJ3A&Expires=1799729205&Signature=gpIyjKAYOHJbILXAjyxmE0ChZsg%3D",1,10,0.0833333333333333,0.478448275862069,0.494020926756353,0.324295461574146
243,"KJNAZV","Oakman High School","Oakman","AL",NA,"10699 Main Street","https://cdn2buckets-live-s3dfaaws-1mlao80q0xoqe.s3.amazonaws.com/13de5799-aaa2-468b-ae09-4930cc339930?AWSAccessKeyId=AKIAIUQNYZUJLIOKKJ3A&Expires=1799729205&Signature=casVw4K7KCwBQiUVAEDJHur1DAk%3D",1,11,0.0833333333333333,0.46969696969697,0.491336633663366,0.320561431143114
244,"RGKHUP","Elberta High School","Elberta","AL","Warriors","13355 Main Street","https://cdn2buckets-live-s3dfaaws-1mlao80q0xoqe.s3.amazonaws.com/fa0c25a7-8e5d-4f31-b184-9232f24b776f?AWSAccessKeyId=AKIAIUQNYZUJLIOKKJ3A&Expires=1799729204&Signature=0sr%2BIvH9CpGByT3Wdd0nv5Kaqgs%3D",1,12,0.0769230769230769,0.464052287581699,0.488073394495413,0.315205880046679
245,"QVVGM3","New Hope High School","New Hope","AL","Indians","5216 Main Drive","https://cdn2buckets-live-s3dfaaws-1mlao80q0xoqe.s3.amazonaws.com/aae99de7-664b-4dc3-d715-e6a925febc9e?AWSAccessKeyId=AKIAIUQNYZUJLIOKKJ3A&Expires=1799729205&Signature=WqOP4jBSKEc%2Fw8bIt67hS45IoZc%3D",0,10,0,0.479838709677419,0.494518879415347,0.291573268240934
246,"Q9283G","Hayden High School","Hayden","AL","Wildcat","125 Atwood Rd","https://cdn2buckets-live-s3dfaaws-1mlao80q0xoqe.s3.amazonaws.com/f4edcaed-0979-4ebf-b0f3-03f3765fa649?AWSAccessKeyId=AKIAIUQNYZUJLIOKKJ3A&Expires=1799729205&Signature=c797ftwftdqWgdDUdGPRqJUMczQ%3D",0,13,0,0.475836431226766,0.494125777470629,0.290074195297025
247,"3774DZ","Tarrant High School","Tarrant","AL","Wildcats","91 Black Creek Road","https://cdn2buckets-live-s3dfaaws-1mlao80q0xoqe.s3.amazonaws.com/6a997fcf-25c0-42a2-d286-ea808bec5ed8?AWSAccessKeyId=AKIAIUQNYZUJLIOKKJ3A&Expires=1799729208&Signature=Xd3CR2XiQ0UbrLgjitwvwTf0CAo%3D",0,10,0,0.474489795918367,0.494006849315068,0.289573140900196
248,"UPKKZ6","Hale County High School","Moundville","AL","Wildcats","50 Wildcat Way","https://cdn2buckets-live-s3dfaaws-1mlao80q0xoqe.s3.amazonaws.com/5728427d-accd-4a95-9346-9b76e37c4614?AWSAccessKeyId=AKIAIUQNYZUJLIOKKJ3A&Expires=1799729205&Signature=%2FgVPkqFniCUlfT4i6g%2F6ZHOp7E4%3D",0,10,0,0.469512195121951,0.4936,0.287729268292683
249,"8T3FZ3","B.B. Comer High School","Sylacauga","AL","Tigers","801 Seminole Ave","https://cdn2buckets-live-s3dfaaws-1mlao80q0xoqe.s3.amazonaws.com/7cec1cf9-884f-4ed8-fe93-393f67e2a9d8?AWSAccessKeyId=AKIAIUQNYZUJLIOKKJ3A&Expires=1799729202&Signature=I2mclf%2FKHmZJRhsQeExIt6ZlzSI%3D",0,12,0,0.468085106382979,0.493269230769231,0.28714709492635
250,"9FCUQR","Alabama School of Cyber Technology & Engineering","Huntsville","AL","Sentinels","229 Wynn Drive","https://cdn2buckets-live-s3dfaaws-1mlao80q0xoqe.s3.amazonaws.com/34a5c017-95ae-4f23-cc89-14130d4a22ee?AWSAccessKeyId=AKIAIUQNYZUJLIOKKJ3A&Expires=1799729202&Signature=Dav72gjC3ZSQffAJ%2Fl2QpfSpUoo%3D",0,10,0,0.469512195121951,0.491071428571429,0.28709712543554
